date,season,neutral,playoff,team1,team2,elo1_pre,elo2_pre,elo_prob1,elo_prob2,elo1_post,elo2_post,qbelo1_pre,qbelo2_pre,qb1,qb2,qb1_value_pre,qb2_value_pre,qb1_adj,qb2_adj,qbelo_prob1,qbelo_prob2,qb1_game_value,qb2_game_value,qb1_value_post,qb2_value_post,qbelo1_post,qbelo2_post,score1,score2
9/5/19,2019,0,,CHI,GB,1588.897931,1455.13137,0.758448519,0.241551481,1554.222031,1489.807271,1560.45369,1519.195907,Mitchell Trubisky,Aaron Rodgers,174.9582689,191.5021665,5.972961817,2.878459529,0.640181642,0.359818358,-36.62708336,74.72930727,153.7997337,179.8248805,1532.560287,1547.08931,3,10
9/8/19,2019,0,,JAX,KC,1455.249073,1602.077427,0.384369676,0.615630324,1435.177771,1622.148729,1483.650361,1607.646375,Nick Foles,Patrick Mahomes,171.8371046,221.8118106,14.39234982,6.970182024,0.415644819,0.584355181,88.35474029,433.1874805,163.4888682,242.9493776,1461.728341,1629.568396,26,40
9/8/19,2019,0,,CAR,LAR,1519.378772,1598.015666,0.480385004,0.519614996,1506.141723,1611.252716,1513.588466,1590.227021,Cam Newton,Jared Goff,177.316184,154.3240457,1.455571531,-2.025650298,0.475029617,0.524970383,49.37575729,64.1642284,164.5221413,145.308064,1500.520997,1603.294491,27,30
9/8/19,2019,0,,MIN,ATL,1538.423954,1520.315825,0.617372078,0.382627922,1559.316056,1499.423723,1539.692552,1522.498529,Kirk Cousins,Matt Ryan,175.3251527,230.5382794,0.3678196,10.92020723,0.592844833,0.407155167,127.8615809,210.6226858,170.5787955,228.54672,1562.09892,1500.092161,28,12
9/8/19,2019,0,,MIA,BAL,1415.178762,1570.539249,0.372815575,0.627184425,1387.160301,1598.55771,1375.955966,1536.472498,Ryan Fitzpatrick,Lamar Jackson,160.8118636,122.9044873,12.77091651,-9.249038326,0.387249692,0.612750308,21.07686283,422.4797822,146.8383635,152.8620168,1346.716851,1565.711613,10,59
9/8/19,2019,0,,PHI,WSH,1581.513559,1441.021792,0.765469854,0.234530146,1589.200034,1433.335317,1583.233048,1423.636541,Carson Wentz,Case Keenum,183.5091928,139.224134,2.60080341,3.412303396,0.77438955,0.22561045,355.544272,364.2890062,200.7127007,161.7306212,1590.600395,1416.269194,32,27
9/8/19,2019,0,,CLE,TEN,1455.886401,1518.907204,0.502848264,0.497151736,1421.319814,1553.473791,1508.718318,1502.788081,Baker Mayfield,Marcus Mariota,172.0030933,129.5163322,7.658327563,-0.985090702,0.601345066,0.398654934,-11.00848604,197.9325311,153.7019354,136.3579521,1466.032539,1545.473861,13,43
9/8/19,2019,0,,NYJ,BUF,1384.966442,1448.423682,0.502220197,0.497779803,1377.999306,1455.390818,1451.591031,1462.674073,Sam Darnold,Josh Allen,115.4844142,151.0071701,-0.072717332,12.82243459,0.546113784,0.453886216,112.0627415,182.0050721,115.1422469,154.1069603,1443.908065,1470.357039,16,17
9/8/19,2019,0,,SEA,CIN,1565.411649,1428.533515,0.761714804,0.238285196,1568.437337,1425.507827,1543.856709,1414.958485,Russell Wilson,Andy Dalton,177.2046469,123.092296,1.428019209,-1.222174606,0.753839702,0.246160298,111.4373283,295.6505811,170.627915,140.3481245,1546.992124,1411.82307,21,20
9/8/19,2019,0,,LAC,IND,1585.751918,1561.074565,0.626264467,0.373735533,1599.72736,1547.099123,1582.690447,1506.974999,Philip Rivers,Jacoby Brissett,167.6220481,108.2060528,-2.392167948,-27.58756673,0.718804742,0.281195258,244.6214025,218.1742412,175.3219835,119.2028716,1592.878992,1496.786454,30,24
9/8/19,2019,0,,TB,SF,1444.772669,1422.631825,0.622840671,0.377159329,1409.647711,1457.756782,1443.868453,1478.889255,Jameis Winston,Jimmy Garoppolo,170.5803636,141.9567721,2.151259752,0.619198447,0.545569286,0.454430714,-75.78212157,68.89315866,145.9441151,134.6504108,1413.887149,1508.87056,17,31
9/8/19,2019,0,,DAL,NYG,1546.637605,1442.725536,0.725584874,0.274415126,1561.645312,1427.717829,1542.741752,1424.967583,Dak Prescott,Eli Manning,181.3818319,135.9538942,4.648537298,-1.390758015,0.742930299,0.257069701,503.5736794,262.3831966,213.6010166,148.5968244,1556.709761,1410.999574,35,17
9/8/19,2019,0,,ARI,DET,1383.740422,1490.519409,0.440163339,0.559836661,1385.565349,1488.694482,1383.755106,1463.420036,Kyler Murray,Matthew Stafford,112.90158,141.2385687,5.70833282,-4.964783411,0.489629651,0.510370349,75.8205855,328.5019841,109.1934805,159.9649102,1384.071386,1463.103756,27,27
9/8/19,2019,0,,NE,PIT,1640.856488,1572.19322,0.683397064,0.316602936,1661.355272,1551.694436,1635.077314,1557.331385,Tom Brady,Ben Roethlisberger,215.6595198,250.0246905,5.38361758,11.7444047,0.676629408,0.323370592,348.1398712,116.7115697,228.9075549,236.6933784,1656.062865,1536.345834,33,3
9/9/19,2019,0,,NO,HOU,1610.936603,1515.388531,0.715894873,0.284105127,1616.754464,1509.57067,1596.198502,1526.880883,Drew Brees,Deshaun Watson,224.3812275,191.7595376,7.67901526,5.778882857,0.675670166,0.324329834,319.01734,225.139562,233.8448388,195.0975401,1602.934385,1520.145,30,28
9/9/19,2019,0,,OAK,DEN,1405.440618,1449.164195,0.530581016,0.469418984,1425.871408,1428.733404,1416.513913,1459.852719,Derek Carr,Joe Flacco,137.0900667,146.8849846,-3.553793322,2.159314295,0.513941852,0.486058148,294.574405,151.0267941,152.8385006,147.2991656,1437.779822,1438.586811,24,16
9/12/19,2019,0,,CAR,TB,1506.141723,1409.647711,0.717001079,0.282998921,1476.026695,1439.76274,1500.520997,1413.887149,Cam Newton,Jameis Winston,164.5221413,145.9441151,-5.014228382,-10.27442749,0.702107007,0.297892993,55.18479174,111.082308,153.5884064,142.4579344,1471.212077,1443.196069,14,20
9/15/19,2019,0,,WSH,DAL,1433.335317,1561.645312,0.4098848,0.5901152,1414.227959,1580.752671,1416.269194,1556.709761,Case Keenum,Dak Prescott,161.7306212,213.6010166,14.49493184,20.52570281,0.377841001,0.622158999,226.4603278,428.4833494,168.2035919,235.0892499,1398.835285,1574.143669,21,31
9/15/19,2019,0,,DET,LAC,1488.694482,1599.72736,0.434138302,0.565861698,1504.718793,1583.703049,1463.103756,1592.878992,Matthew Stafford,Philip Rivers,159.9649102,175.3219835,4.646626529,1.577408172,0.409145637,0.590854363,196.0118201,139.3158472,163.5696012,171.7213699,1479.975307,1576.007441,13,10
9/15/19,2019,0,,HOU,JAX,1509.57067,1435.177771,0.690489773,0.309510227,1513.60573,1431.142712,1520.145,1461.728341,Deshaun Watson,Gardner Minshew,195.0975401,32.64624,7.158939934,-121.344014,0.804020444,0.195979556,24.07439748,189.182764,177.9952258,48.2998924,1522.589391,1459.283951,13,12
9/15/19,2019,0,,PIT,SEA,1551.694436,1568.437337,0.569004376,0.430995624,1538.911743,1581.22003,1536.345834,1546.992124,Ben Roethlisberger,Russell Wilson,236.6933784,170.627915,4.491528426,-1.931747679,0.584538185,0.415461815,28.71434307,322.4491687,215.8954749,185.8100404,1523.146355,1560.191603,26,28
9/15/19,2019,0,,BAL,ARI,1598.55771,1385.565349,0.832053696,0.167946304,1604.360622,1379.762438,1565.711613,1384.071386,Lamar Jackson,Kyler Murray,152.8620168,109.1934805,6.192178336,3.568866454,0.805901795,0.194098205,402.7931759,184.6593107,177.8551327,116.7400636,1572.502227,1377.280773,23,17
9/15/19,2019,0,,GB,MIN,1489.807271,1559.316056,0.4935117,0.5064883,1507.994649,1541.128678,1547.08931,1562.09892,Aaron Rodgers,Kirk Cousins,179.8248805,170.5787955,-3.104106407,-2.023749966,0.557225547,0.442774453,200.0578425,17.97056182,181.8481767,155.3179721,1562.6733,1546.514929,21,16
9/15/19,2019,0,,MIA,NE,1387.160301,1661.355272,0.23072481,0.76927519,1371.214442,1677.301131,1346.716851,1656.062865,Ryan Fitzpatrick,Tom Brady,146.8383635,228.9075549,5.145620647,11.73845427,0.186361077,0.813638923,-186.1577178,256.1220841,113.5387554,231.6290079,1334.082673,1668.697043,0,43
9/15/19,2019,0,,CIN,SF,1425.507827,1457.756782,0.546993431,0.453006569,1389.7616,1493.503009,1411.82307,1508.87056,Andy Dalton,Jimmy Garoppolo,140.3481245,134.6504108,7.466848381,-3.064942149,0.466439441,0.533560559,135.8732755,277.1017529,139.9006396,148.895545,1382.110291,1538.583339,17,41
9/15/19,2019,0,,NYG,BUF,1427.717829,1455.390818,0.553512159,0.446487841,1397.221631,1485.887015,1410.999574,1470.357039,Eli Manning,Josh Allen,148.5968244,154.1069603,5.000245003,13.73120796,0.482772295,0.517227705,79.36589547,195.5512865,141.6737315,158.2513929,1384.993706,1496.362907,14,28
9/15/19,2019,0,,TEN,IND,1553.473791,1547.099123,0.601295419,0.398704581,1539.818977,1560.753937,1545.473861,1496.786454,Marcus Mariota,Jacoby Brissett,136.3579521,119.2028716,2.484973779,-20.70977897,0.67615702,0.32384298,101.3466234,125.1382293,132.8568192,119.7964074,1529.700259,1512.560056,17,19
9/15/19,2019,0,,OAK,KC,1425.871408,1622.148729,0.319582091,0.680417909,1408.111377,1639.90876,1437.779822,1629.568396,Derek Carr,Patrick Mahomes,152.8385006,242.9493776,4.498113257,17.19045642,0.306070277,0.693929723,31.10329429,418.6617454,140.6649799,260.5206144,1420.849982,1646.498235,10,28
9/15/19,2019,0,,DEN,CHI,1428.733404,1554.222031,0.413818857,0.586181143,1419.884182,1563.071253,1438.586811,1532.560287,Joe Flacco,Mitchell Trubisky,147.2991656,153.7997337,2.258439055,-4.904953888,0.459613156,0.540386844,227.7091329,93.69197577,155.3401623,147.7889579,1428.615551,1542.531547,14,16
9/15/19,2019,0,,LAR,NO,1611.252716,1616.754464,0.584797545,0.415202455,1635.059632,1592.947548,1603.294491,1602.934385,Jared Goff,Drew Brees,145.308064,233.8448388,-6.432358647,12.02687012,0.55632177,0.44367823,201.9688749,-12.85673956,150.974145,209.1746809,1628.96358,1577.265296,27,9
9/15/19,2019,0,,ATL,PHI,1499.423723,1589.200034,0.464404341,0.535595659,1516.860251,1571.763505,1500.092161,1590.600395,Matt Ryan,Carson Wentz,228.54672,200.7127007,9.378417188,11.0725172,0.450447631,0.549552369,151.3408469,48.17479291,220.8261327,185.4589099,1518.063772,1572.628784,24,20
9/16/19,2019,0,,NYJ,CLE,1377.999306,1421.319814,0.531158868,0.468841132,1345.334919,1453.984201,1443.908065,1466.032539,Trevor Siemian,Baker Mayfield,78.84259025,153.7019354,-36.5398218,-1.875167783,0.500308626,0.499691374,-38.70780441,83.44110955,67.08755078,146.6758528,1413.441078,1496.499526,3,23
9/19/19,2019,0,,JAX,TEN,1431.142712,1539.818977,0.437473825,0.562526175,1461.434874,1509.526814,1459.283951,1529.700259,Gardner Minshew,Marcus Mariota,48.2998924,132.8568192,-107.4499871,0.610158656,0.331979879,0.668020121,272.6276088,-2.243031379,70.73266405,119.3468342,1496.603379,1492.38083,20,7
9/22/19,2019,0,,BUF,CIN,1485.887015,1389.7616,0.716570343,0.283429657,1494.387685,1381.26093,1496.362907,1382.110291,Josh Allen,Andy Dalton,158.2513929,139.9006396,15.11686387,6.869763513,0.73707352,0.26292648,185.0029563,122.2238917,160.9265492,138.1329648,1504.189161,1374.284037,21,17
9/22/19,2019,0,,NE,NYJ,1677.301131,1345.334919,0.907637264,0.092362736,1681.734792,1340.901259,1668.697043,1413.441078,Tom Brady,Luke Falk,231.6290079,23.12442,12.51225802,-84.55348122,0.912827572,0.087172428,261.0653451,-99.66354089,234.5726416,10.84562391,1672.863845,1409.274276,30,14
9/22/19,2019,0,,DAL,MIA,1580.752671,1371.214442,0.829256783,0.170743217,1590.644257,1361.322856,1574.143669,1334.082673,Dak Prescott,Josh Rosen,235.0892499,51.45360845,30.24353431,-73.84661135,0.91079912,0.08920088,195.4322709,-9.956397622,231.123552,45.31260785,1579.055099,1329.171243,31,6
9/22/19,2019,0,,MIN,OAK,1541.128678,1408.111377,0.757657462,0.242342538,1554.666512,1394.573542,1546.514929,1420.849982,Kirk Cousins,Derek Carr,155.3179721,140.6649799,-9.552974151,-1.81355272,0.737240045,0.262759955,173.6249492,181.4412414,157.1486698,144.7426061,1561.309298,1406.055613,34,14
9/22/19,2019,0,,KC,BAL,1639.90876,1604.360622,0.64079161,0.35920839,1652.218462,1592.05092,1646.498235,1572.502227,Patrick Mahomes,Lamar Jackson,260.5206144,177.8551327,25.11655198,18.37912737,0.690694603,0.309305397,416.9526362,176.3644206,276.1638166,177.7060615,1656.921069,1562.079393,33,28
9/22/19,2019,0,,IND,ATL,1560.753937,1516.860251,0.651773152,0.348226848,1569.953484,1507.660704,1512.560056,1518.063772,Jacoby Brissett,Matt Ryan,119.7964074,220.8261327,-19.37752214,5.049202674,0.538457042,0.461542958,318.6423443,368.8255833,139.6810011,235.6260778,1525.202872,1505.420956,27,24
9/22/19,2019,0,,GB,DEN,1507.994649,1419.884182,0.70710701,0.29289299,1521.603749,1406.275082,1562.6733,1428.615551,Aaron Rodgers,Joe Flacco,181.8481767,155.3401623,-1.937252987,6.16601547,0.743268443,0.256731557,189.953668,-21.57167525,182.6587259,137.6489785,1574.444327,1416.844524,27,16
9/22/19,2019,0,,PHI,DET,1571.763505,1504.718793,0.681377716,0.318622284,1551.665409,1524.816889,1572.628784,1479.975307,Carson Wentz,Matthew Stafford,185.4589099,163.5696012,2.891995949,6.216640697,0.69868388,0.30131612,192.3763459,132.5200956,186.1506535,160.4646507,1551.879159,1500.724932,24,27
9/22/19,2019,0,,ARI,CAR,1379.762438,1476.026695,0.455128168,0.544871832,1353.336042,1502.453091,1377.280773,1471.212077,Kyler Murray,Kyle Allen,116.7400636,29.65161206,7.163714639,-134.1671788,0.652640409,0.347359591,47.08448361,284.2798081,109.7745056,55.11443167,1336.833332,1511.659517,20,38
9/22/19,2019,0,,TB,NYG,1439.76274,1397.221631,0.650003908,0.349996092,1430.288657,1406.695714,1443.196069,1384.993706,Jameis Winston,Daniel Jones,142.4579344,110.63448,-11.50379647,-29.75056525,0.685659658,0.314340342,199.9300132,321.6718432,148.2051422,131.7382163,1433.067027,1395.122748,31,32
9/22/19,2019,0,,SEA,NO,1581.22003,1592.947548,0.576070054,0.423929946,1558.244061,1615.923517,1560.191603,1577.265296,Russell Wilson,Teddy Bridgewater,185.8100404,118.0959036,5.755902389,-91.98832964,0.696216803,0.303783197,542.9567222,237.1249169,221.5247085,129.9988049,1531.197336,1606.259562,27,33
9/22/19,2019,0,,SF,PIT,1493.503009,1538.911743,0.528164254,0.471835746,1508.55676,1523.857992,1538.583339,1523.146355,Jimmy Garoppolo,Mason Rudolph,148.895545,78.89508,4.210872065,-143.1323946,0.786794028,0.213205972,121.4930012,80.20590277,146.1552906,79.02616228,1544.804736,1516.924959,24,20
9/22/19,2019,0,,LAC,HOU,1583.703049,1513.60573,0.685180465,0.314819535,1553.342839,1543.96594,1576.007441,1522.589391,Philip Rivers,Deshaun Watson,171.7213699,177.9952258,-0.301769052,-1.750164192,0.659790402,0.340209598,192.5599168,363.7175201,173.8052246,196.5674552,1547.053171,1551.54366,20,27
9/22/19,2019,0,,CLE,LAR,1453.984201,1635.059632,0.338903617,0.661096383,1440.595979,1648.447853,1496.499526,1628.96358,Baker Mayfield,Jared Goff,146.6758528,150.974145,-5.294450687,-3.277700165,0.390259515,0.609740485,9.862388434,139.0838768,132.9945064,149.7851182,1480.821501,1644.641604,13,20
9/23/19,2019,0,,WSH,CHI,1414.227959,1563.071253,0.381628733,0.618371267,1393.397122,1583.90209,1398.835285,1542.531547,Case Keenum,Mitchell Trubisky,168.2035919,147.7889579,17.00667057,-7.665094089,0.412243318,0.587756682,129.8299673,199.455473,164.3662294,152.9556094,1376.112247,1565.254586,15,31
9/26/19,2019,0,,GB,PHI,1521.603749,1551.665409,0.55011151,0.44988849,1498.356056,1574.913102,1574.444327,1551.879159,Aaron Rodgers,Carson Wentz,182.6587259,186.1506535,-1.435115775,3.093267949,0.607614128,0.392385872,363.1303818,236.2131995,200.7058915,191.1569081,1548.270589,1578.052897,27,34
9/29/19,2019,0,,HOU,CAR,1543.96594,1502.453091,0.648656118,0.351343882,1517.437013,1528.982017,1551.54366,1511.659517,Deshaun Watson,Kyle Allen,196.5674552,55.11443167,7.623458734,-114.72741,0.781074593,0.218925407,35.78655044,103.368212,180.4893648,59.9398097,1517.751724,1545.451454,10,16
9/29/19,2019,0,,BUF,NE,1494.387685,1681.734792,0.330862529,0.669137471,1482.18948,1693.932996,1504.189161,1672.863845,Josh Allen,Tom Brady,160.9265492,234.5726416,15.69859885,13.35846198,0.347060255,0.652939745,-36.30407283,6.848988146,141.203487,211.8002762,1491.324203,1685.728802,10,16
9/29/19,2019,0,,NYG,WSH,1406.695714,1393.397122,0.610811103,0.389188897,1429.928829,1370.164006,1395.122748,1376.112247,Daniel Jones,Case Keenum,131.7382163,164.3662294,-17.71116882,14.23765582,0.561361239,0.438638761,173.9389903,-71.46019648,135.9582937,140.7835868,1421.721644,1349.51335,24,3
9/29/19,2019,0,,BAL,CLE,1592.05092,1440.595979,0.776609242,0.223390758,1544.287148,1488.359751,1562.079393,1480.821501,Lamar Jackson,Baker Mayfield,177.7060615,132.9945064,17.3856354,-11.87040137,0.723097911,0.276902089,223.835974,214.9012954,182.3190527,141.1851853,1518.693943,1524.206951,25,40
9/29/19,2019,0,,MIA,LAC,1361.322856,1553.342839,0.324934566,0.675065434,1342.617428,1572.048267,1329.171243,1547.053171,Josh Rosen,Philip Rivers,45.31260785,173.8052246,-73.22478108,0.755246747,0.212247971,0.787752029,-0.672064865,289.5769484,40.71414057,185.382397,1317.460102,1558.764312,10,30
9/29/19,2019,0,,IND,OAK,1569.953484,1394.573542,0.799590697,0.200409303,1532.620282,1431.906745,1525.202872,1406.055613,Jacoby Brissett,Derek Carr,139.6810011,144.7426061,-8.466349187,0.31593799,0.73036774,0.26963226,191.6399927,181.3905951,144.8769002,148.407405,1492.233525,1439.02496,24,31
9/29/19,2019,0,,ATL,TEN,1507.660704,1509.526814,0.589869974,0.410130026,1474.768849,1542.418669,1505.420956,1492.38083,Matt Ryan,Marcus Mariota,235.6260778,119.3468342,12.19671507,-6.175341808,0.623013027,0.376986973,211.1125194,305.6465181,233.1747219,137.9768026,1470.284159,1527.517627,10,24
9/29/19,2019,0,,DET,KC,1524.816889,1652.218462,0.411150253,0.588849747,1511.947505,1665.087846,1500.724932,1656.921069,Matthew Stafford,Patrick Mahomes,160.4646507,276.1638166,4.353333381,31.68232547,0.326272891,0.673727109,243.7424906,284.0338196,168.7924346,276.9508169,1490.791361,1666.85464,30,34
9/29/19,2019,0,,LAR,TB,1648.447853,1430.288657,0.836169003,0.163830997,1595.231373,1483.505137,1644.641604,1433.067027,Jared Goff,Jameis Winston,149.7851182,148.2051422,-3.708328568,-8.055002708,0.82911208,0.17088792,262.984542,366.72556,161.1050606,170.057184,1592.115349,1485.593283,40,55
9/29/19,2019,0,,ARI,SEA,1353.336042,1558.244061,0.308876866,0.691123134,1336.548273,1575.03183,1336.833332,1531.197336,Kyler Murray,Russell Wilson,109.7745056,221.5247085,3.322749909,23.32544136,0.290710706,0.709289294,127.5549621,141.0021087,111.5525512,213.4724486,1321.133802,1546.896866,10,27
9/29/19,2019,0,,DEN,JAX,1406.275082,1461.434874,0.514157413,0.485842587,1394.927132,1472.782824,1416.844524,1496.603379,Joe Flacco,Gardner Minshew,137.6489785,70.73266405,-2.987877181,-90.86110196,0.598005334,0.401994666,259.1954112,80.43227561,149.8036218,71.7026252,1403.279596,1510.168307,24,26
9/29/19,2019,0,,CHI,MIN,1583.90209,1554.666512,0.632385325,0.367614675,1600.807967,1537.760635,1565.254586,1561.309298,Mitchell Trubisky,Kirk Cousins,152.9556094,157.1486698,-4.698513632,-8.159976591,0.590838701,0.409161299,27.46547037,94.26475995,140.4065955,150.8602788,1584.323839,1542.240046,16,6
9/29/19,2019,0,,NO,DAL,1615.923517,1590.644257,0.627075088,0.372924912,1623.794521,1582.773254,1606.259562,1579.055099,Teddy Bridgewater,Dak Prescott,129.9988049,231.123552,-81.43746249,26.74850865,0.465296163,0.534703837,10.96771327,140.2351771,118.0956958,222.0347145,1618.138625,1567.176036,12,10
9/30/19,2019,0,,PIT,CIN,1523.857992,1381.26093,0.767638532,0.232361468,1537.527006,1367.591915,1516.924959,1374.284037,Mason Rudolph,Andy Dalton,79.02616228,138.1329648,-135.9102337,5.642437943,0.581463385,0.418536615,279.6690995,-162.1453578,99.090456,108.1051326,1543.187489,1348.021507,27,3
10/3/19,2019,0,,SEA,LAR,1575.03183,1595.231373,0.564118068,0.435881932,1580.953842,1589.309361,1546.896866,1592.115349,Russell Wilson,Jared Goff,213.4724486,161.1050606,18.1330393,2.13705905,0.546873272,0.453126728,388.285573,242.583505,230.953761,169.252905,1553.086628,1585.925588,30,29
10/6/19,2019,0,,TEN,BUF,1542.418669,1482.18948,0.672800144,0.327199856,1512.74882,1511.85933,1527.517627,1491.324203,Marcus Mariota,Josh Allen,137.9768026,141.203487,3.448409477,5.052137802,0.629505899,0.370494101,37.49282975,140.1331845,127.9284053,141.0964568,1500.193481,1518.648349,7,14
10/6/19,2019,0,,WSH,NE,1370.164006,1693.932996,0.183982667,0.816017333,1359.312811,1704.784191,1349.51335,1685.728802,Colt McCoy,Tom Brady,108.2612985,211.8002762,-30.78783661,1.304356206,0.142451159,0.857548841,126.1874218,309.4183318,110.0539108,221.5620818,1341.289165,1693.952988,7,33
10/6/19,2019,0,,NYG,MIN,1429.928829,1537.760635,0.438670456,0.561329544,1404.589395,1563.100069,1421.721644,1542.240046,Daniel Jones,Kirk Cousins,135.9582937,150.8602788,-14.71557168,-10.89617326,0.407125441,0.592874559,24.07848787,260.0991044,124.7703131,161.7841614,1398.437572,1565.524118,10,28
10/6/19,2019,0,,PHI,NYJ,1574.913102,1340.901259,0.848289842,0.151710158,1583.615981,1332.198379,1578.052897,1409.274276,Carson Wentz,Luke Falk,191.1569081,10.84562391,5.441731851,-86.46520521,0.860469687,0.139530313,113.3383688,-314.0698462,183.3750542,-21.6459231,1586.002948,1401.324225,31,6
10/6/19,2019,0,,HOU,ATL,1517.437013,1474.768849,0.650170279,0.349829721,1538.05475,1454.151113,1517.751724,1470.284159,Deshaun Watson,Matt Ryan,180.4893648,233.1747219,-0.796759442,10.3612014,0.63224825,0.36775175,628.5804832,328.5060924,225.2984766,242.707859,1539.553595,1448.482288,53,32
10/6/19,2019,0,,NO,TB,1623.794521,1483.505137,0.765260639,0.234739361,1632.723832,1474.575826,1618.138625,1485.593283,Teddy Bridgewater,Jameis Winston,118.0956958,170.057184,-83.31714395,3.273768318,0.643859749,0.356140251,354.7416059,26.59970927,141.7602868,155.7114365,1632.28846,1471.443447,31,24
10/6/19,2019,0,,CIN,ARI,1367.591915,1336.548273,0.634801578,0.365198422,1349.188035,1354.952153,1348.021507,1321.133802,Andy Dalton,Kyler Murray,108.1051326,111.5525512,-9.653600085,4.04563524,0.605650753,0.394349247,257.3382943,327.6919355,123.0284487,133.1664897,1330.640428,1338.514882,23,26
10/6/19,2019,0,,PIT,BAL,1537.527006,1544.287148,0.583037586,0.416962414,1520.922198,1560.891956,1543.187489,1518.693943,Mason Rudolph,Lamar Jackson,99.090456,182.3190527,-119.0825752,18.82284926,0.41782715,0.58217285,115.3525216,-5.571798896,100.7166626,163.5299676,1531.898539,1529.982893,23,26
10/6/19,2019,1,,OAK,CHI,1431.906745,1600.807967,0.27442756,0.72557244,1453.696777,1579.017935,1439.02496,1584.323839,Derek Carr,Chase Daniel,148.407405,31.41935709,2.132540543,-119.7253333,0.466316776,0.533683224,262.767813,50.6842841,159.8434458,33.34584979,1453.981159,1569.367639,24,21
10/6/19,2019,0,,CAR,JAX,1528.982017,1472.782824,0.667672896,0.332327104,1542.081458,1459.683384,1545.451454,1510.168307,Kyle Allen,Gardner Minshew,59.9398097,71.7026252,-106.5783505,-85.83306628,0.601998532,0.398001468,73.28193166,336.9035139,61.2740219,98.22271408,1561.480137,1494.139623,34,27
10/6/19,2019,0,,LAC,DEN,1572.048267,1394.927132,0.801192033,0.198807967,1534.60703,1432.368369,1558.764312,1403.279596,Philip Rivers,Joe Flacco,185.382397,149.8036218,6.506070599,3.238838311,0.777215799,0.222784201,87.26695285,56.74782939,175.5708526,140.4980426,1522.902513,1439.141395,13,20
10/6/19,2019,0,,DAL,GB,1582.773254,1498.356056,0.702684582,0.297315418,1546.618451,1534.51086,1567.176036,1548.270589,Dak Prescott,Aaron Rodgers,222.0347145,200.7058915,20.86666447,7.660222812,0.627909271,0.372090729,222.0588306,109.0556186,222.0371261,191.5408642,1535.764986,1579.681639,24,34
10/6/19,2019,0,,KC,IND,1665.087846,1532.620282,0.757075939,0.242924061,1632.718394,1564.989733,1666.85464,1492.233525,Patrick Mahomes,Jacoby Brissett,276.9508169,144.8769002,30.49170935,-5.445082145,0.823315273,0.176684727,136.9773564,114.0416571,262.9534708,141.7933759,1630.380277,1528.707888,13,19
10/7/19,2019,0,,SF,CLE,1508.55676,1488.359751,0.620208527,0.379791473,1533.180585,1463.735926,1544.804736,1524.206951,Jimmy Garoppolo,Baker Mayfield,146.1552906,141.1851853,2.630201274,-7.181541852,0.632157071,0.367842929,154.5304663,-190.8081014,146.9928082,107.9858566,1568.561683,1500.450003,31,3
10/10/19,2019,0,,NE,NYG,1704.784191,1404.589395,0.891119757,0.108880243,1710.556989,1398.816596,1693.952988,1398.437572,Tom Brady,Daniel Jones,221.5620818,124.7703131,6.120041175,-19.57378339,0.897482599,0.102517401,256.9604402,-4.235658248,225.1019176,111.869716,1699.363758,1393.026801,35,14
10/13/19,2019,1,,TB,CAR,1474.575826,1542.081458,0.404055896,0.595944104,1455.092826,1561.564458,1471.443447,1561.480137,Jameis Winston,Kyle Allen,155.7114365,61.2740219,-4.062793835,-100.5823269,0.505343825,0.494656175,-139.9953707,147.2208167,126.1407558,69.86870137,1446.286339,1586.637245,26,37
10/13/19,2019,0,,BAL,CIN,1560.891956,1349.188035,0.831014708,0.168985292,1566.733805,1343.346187,1529.982893,1330.640428,Lamar Jackson,Andy Dalton,163.5299676,123.0284487,8.487164212,-1.709261994,0.822379651,0.177620349,397.0736298,88.43118657,186.8843338,119.5687225,1536.14933,1324.473991,23,17
10/13/19,2019,0,,JAX,NO,1459.683384,1632.723832,0.349342445,0.650657555,1445.834737,1646.572479,1494.139623,1632.28846,Gardner Minshew,Teddy Bridgewater,98.22271408,141.7602868,-68.28136853,-67.31899125,0.384015311,0.615984689,-56.27398517,143.1741261,82.77304415,141.9016707,1478.743356,1647.684728,6,13
10/13/19,2019,0,,MIN,PHI,1563.100069,1583.615981,0.563670211,0.436329789,1588.285742,1558.430308,1565.524118,1586.002948,Kirk Cousins,Carson Wentz,161.7841614,183.3750542,-4.889423317,1.278718294,0.546341747,0.453658253,339.8199371,274.6308545,179.587739,192.5006342,1591.853012,1559.674054,38,20
10/13/19,2019,0,,MIA,WSH,1342.617428,1359.312811,0.569071456,0.430928544,1334.551317,1367.378922,1317.460102,1341.289165,Josh Rosen,Case Keenum,40.71414057,140.7835868,-71.86277566,2.377537395,0.443538424,0.556461576,-144.6562937,125.244392,22.17709714,139.2296673,1311.419539,1347.329728,16,17
10/13/19,2019,0,,CLE,SEA,1463.735926,1580.953842,0.425413141,0.574586859,1450.359891,1594.329877,1500.450003,1553.086628,Baker Mayfield,Russell Wilson,107.9858566,230.953761,-23.42212909,25.96704356,0.444199679,0.555800321,159.4706208,312.760234,113.134333,239.1344083,1486.400421,1567.13621,28,32
10/13/19,2019,0,,KC,HOU,1632.718394,1538.05475,0.714858244,0.285141756,1600.661787,1570.111357,1630.380277,1539.553595,Patrick Mahomes,Deshaun Watson,262.9534708,225.2984766,21.96845086,21.64763445,0.701877928,0.298122072,168.8270788,347.5558652,253.5408316,237.5242155,1599.073256,1570.860616,24,31
10/13/19,2019,0,,ARI,ATL,1354.952153,1454.151113,0.450942079,0.549057921,1362.683902,1446.419364,1338.514882,1448.482288,Kyler Murray,Matt Ryan,133.1664897,242.707859,14.65032269,14.60970985,0.430612494,0.569387506,377.3377501,417.6876706,157.5836157,260.2058402,1346.586311,1440.410858,34,33
10/13/19,2019,0,,LAR,SF,1589.309361,1533.180585,0.667582948,0.332417052,1552.020498,1570.469448,1585.925588,1568.561683,Jared Goff,Jimmy Garoppolo,169.252905,146.9928082,6.104128318,2.917449995,0.616575539,0.383424461,-51.94140527,158.9575854,147.133474,148.1892859,1552.113732,1602.373539,7,20
10/13/19,2019,0,,NYJ,DAL,1332.198379,1546.618451,0.297311962,0.702688038,1348.763057,1530.053773,1401.324225,1535.764986,Sam Darnold,Dak Prescott,115.1422469,222.0371261,38.4004516,19.82453705,0.421054933,0.578945067,234.5791287,251.5177414,127.0859351,224.9851877,1414.373064,1522.716147,24,22
10/13/19,2019,0,,DEN,TEN,1432.368369,1512.74882,0.4778802,0.5221198,1462.162197,1482.954992,1439.141395,1500.193481,Joe Flacco,Marcus Mariota,140.4980426,127.9284053,-1.575893225,-1.748209638,0.497430686,0.502569314,52.24281625,-189.7101038,131.6725199,96.16455438,1467.642246,1471.69263,16,0
10/13/19,2019,0,,LAC,PIT,1534.60703,1520.922198,0.611339514,0.388660486,1508.239062,1547.290166,1522.902513,1531.898539,Philip Rivers,Devlin Hodges,175.5708526,28.11204,1.274994862,-184.9199657,0.799831075,0.200168925,174.8530821,122.1867289,175.4990755,37.51950889,1485.553118,1569.247934,17,24
10/14/19,2019,0,,GB,DET,1534.51086,1511.947505,0.623411841,0.376588159,1539.531645,1506.926719,1579.681639,1490.791361,Aaron Rodgers,Matthew Stafford,191.5408642,168.7924346,2.694698029,8.299558708,0.690568864,0.309431136,203.7984196,98.39218005,192.7666197,161.7524092,1583.715557,1486.757443,23,22
10/17/19,2019,0,,DEN,KC,1462.162197,1600.661787,0.395775748,0.604224252,1437.506846,1625.317139,1467.642246,1599.073256,Joe Flacco,Patrick Mahomes,131.6725199,253.5408316,-5.90985988,16.16370871,0.364929807,0.635070193,-65.19563702,159.3116924,111.9857042,244.1179177,1445.13367,1621.581832,6,30
10/20/19,2019,0,,DET,MIN,1506.926719,1588.285742,0.476474856,0.523525144,1482.664454,1612.548008,1486.757443,1591.853012,Matthew Stafford,Kirk Cousins,161.7524092,179.587739,4.364568043,4.256836634,0.431613581,0.568386419,355.9056028,391.5747897,181.1677285,200.786444,1465.087132,1613.523323,30,42
10/20/19,2019,0,,CIN,JAX,1343.346187,1445.834737,0.446258042,0.553741958,1322.303164,1466.87776,1324.473991,1478.743356,Andy Dalton,Gardner Minshew,119.5687225,82.77304415,-3.353662002,-72.59213507,0.460481578,0.539518422,93.4117108,120.4462393,116.9530213,86.54036366,1302.663071,1500.554277,17,27
10/20/19,2019,0,,ATL,LAR,1446.419364,1552.020498,0.441834801,0.558165199,1417.50726,1580.932601,1440.410858,1552.113732,Matt Ryan,Jared Goff,260.2058402,147.133474,22.62821494,-5.260793614,0.461298218,0.538701782,-45.37400285,244.5871536,229.6478559,156.878842,1410.040054,1582.484536,10,37
10/20/19,2019,0,,NYG,ARI,1398.816596,1362.683902,0.641565785,0.358434215,1372.644912,1388.855586,1393.026801,1346.586311,Daniel Jones,Kyler Murray,111.869716,157.5836157,-25.04539279,26.12636958,0.583896194,0.416103806,-42.13042192,38.48870917,96.4697022,145.674125,1369.677992,1369.935121,21,27
10/20/19,2019,0,,IND,HOU,1564.989733,1570.111357,0.585328756,0.414671244,1581.778479,1553.322612,1528.707888,1570.860616,Jacoby Brissett,Deshaun Watson,141.7933759,237.5242155,-6.714590197,26.67812216,0.475471274,0.524528726,342.8420159,140.9847796,161.8982399,227.8702719,1550.692888,1548.875616,30,23
10/20/19,2019,0,,BUF,MIA,1511.85933,1334.551317,0.801363327,0.198636673,1520.440408,1325.970239,1518.648349,1311.419539,Josh Allen,Ryan Fitzpatrick,141.0964568,113.5387554,4.746015783,13.82349961,0.830516149,0.169483851,170.7584634,281.7644793,144.0626574,130.3613277,1525.870144,1304.197744,31,21
10/20/19,2019,0,,WSH,SF,1367.378922,1570.469448,0.311114734,0.688885266,1353.89775,1583.95062,1347.329728,1602.373539,Case Keenum,Jimmy Garoppolo,139.2296673,148.1892859,1.481700784,3.369816356,0.248600512,0.751399488,26.19195601,4.44281196,127.9258962,133.8146385,1336.800842,1612.902425,0,9
10/20/19,2019,0,,GB,OAK,1539.531645,1453.696777,0.704386697,0.295613303,1555.822996,1437.405427,1583.715557,1453.981159,Aaron Rodgers,Derek Carr,192.7666197,159.8434458,3.172840901,7.743933914,0.746326285,0.253673715,556.9763609,290.7788621,229.1875938,172.9369874,1597.481132,1440.215584,42,24
10/20/19,2019,0,,TEN,LAC,1482.954992,1508.239062,0.556908159,0.443091841,1495.02226,1496.171794,1471.69263,1485.553118,Ryan Tannehill,Philip Rivers,108.6030218,175.4990755,-5.104257239,1.175356594,0.551050035,0.448949965,250.3536835,296.1069664,122.7780879,187.5598646,1483.941965,1473.303783,23,20
10/20/19,2019,0,,SEA,BAL,1594.329877,1566.733805,0.630188564,0.369811436,1558.69854,1602.365142,1567.13621,1536.14933,Russell Wilson,Lamar Jackson,239.1344083,186.8843338,28.75901503,19.73998911,0.645785798,0.354214202,122.5859183,254.0933808,227.4795593,193.6052385,1530.418569,1572.866971,16,30
10/20/19,2019,0,,CHI,NO,1579.017935,1646.572479,0.496323783,0.503676217,1554.380178,1671.210236,1569.367639,1647.684728,Mitchell Trubisky,Teddy Bridgewater,140.4065955,141.9016707,-5.715074586,-63.88234972,0.544062152,0.455937848,201.5960051,266.4257133,146.5255365,154.354075,1541.946147,1675.10622,25,36
10/20/19,2019,0,,DAL,PHI,1530.053773,1558.430308,0.552511056,0.447488944,1559.38794,1529.096141,1522.716147,1559.674054,Dak Prescott,Carson Wentz,224.9851877,192.5006342,20.30734096,5.777572393,0.554223857,0.445776143,207.2952313,53.52646329,223.216192,178.6032171,1551.922314,1530.467887,37,10
10/21/19,2019,0,,NYJ,NE,1348.763057,1710.556989,0.153360554,0.846639446,1339.232674,1720.087372,1414.373064,1699.363758,Sam Darnold,Tom Brady,127.0859351,225.1019176,42.4522731,7.583957035,0.246143377,0.753856623,-203.3775843,182.4781454,94.03958318,220.8395404,1398.422959,1715.313863,0,33
10/24/19,2019,0,,MIN,WSH,1612.548008,1353.89775,0.865655618,0.134344382,1618.164604,1348.281154,1613.523323,1336.800842,Kirk Cousins,Case Keenum,200.786444,127.9258962,14.64334734,-4.244269821,0.884924282,0.115075718,190.3069624,53.28661366,199.7384959,120.4619679,1618.276489,1332.047676,19,9
10/27/19,2019,0,,IND,DEN,1581.778479,1437.506846,0.769353507,0.230646493,1586.406105,1432.87922,1550.692888,1445.13367,Jacoby Brissett,Joe Flacco,161.8982399,111.9857042,3.673571312,-15.45777473,0.7421989,0.2578011,104.1223988,75.16183162,156.1206558,108.303317,1555.920837,1439.905721,15,13
10/27/19,2019,0,,NO,ARI,1671.210236,1388.855586,0.880748152,0.119251848,1677.668776,1382.397046,1675.10622,1369.935121,Drew Brees,Kyler Murray,209.1746809,145.674125,0.358575864,18.86530577,0.880512954,0.119487046,386.3023902,39.35249586,226.8874519,135.0419621,1681.578486,1363.462855,31,9
10/27/19,2019,1,,LAR,CIN,1580.932601,1322.303164,0.815896697,0.184103303,1589.854923,1313.380842,1582.484536,1302.663071,Jared Goff,Andy Dalton,156.878842,116.9530213,-0.125069956,-4.493829488,0.836980431,0.163019569,258.9302183,158.4909883,167.0839796,121.106818,1590.303771,1294.843835,24,10
10/27/19,2019,0,,CHI,LAC,1554.380178,1496.171794,0.670234194,0.329765806,1544.537534,1506.014438,1541.946147,1473.303783,Mitchell Trubisky,Philip Rivers,146.5255365,187.5598646,-2.369850377,7.146983311,0.667474117,0.332525883,45.41229035,141.5307187,136.4142119,182.95695,1532.154242,1483.095688,16,17
10/27/19,2019,0,,ATL,SEA,1417.50726,1558.69854,0.392076456,0.607923544,1401.747072,1574.458728,1410.040054,1530.418569,Matt Schaub,Russell Wilson,123.1482186,227.4795593,-100.2818252,21.49363978,0.263635651,0.736364349,325.5050027,102.3040869,143.383897,214.9620121,1399.898321,1540.560302,20,27
10/27/19,2019,0,,BUF,PHI,1520.440408,1529.096141,0.580382473,0.419617527,1485.364051,1564.172498,1525.870144,1530.467887,Josh Allen,Carson Wentz,144.0626574,178.6032171,5.991815325,-1.460014774,0.584028334,0.415971666,77.7667607,187.1225463,137.4330678,179.4551501,1490.530518,1565.807513,13,31
10/27/19,2019,0,,JAX,NYJ,1466.87776,1339.232674,0.751934101,0.248065899,1479.231492,1326.878942,1500.554277,1398.422959,Gardner Minshew,Sam Darnold,86.54036366,94.03958318,-67.07886855,23.80648348,0.598853024,0.401146976,265.7205291,-89.49258372,104.4583802,75.68636649,1521.614468,1377.362768,29,15
10/27/19,2019,0,,TEN,TB,1495.02226,1455.092826,0.646576023,0.353423977,1505.880646,1444.23444,1483.941965,1446.286339,Ryan Tannehill,Jameis Winston,122.7780879,126.1407558,2.238488711,-18.64499451,0.661019206,0.338980794,125.6360668,127.8179091,123.0638858,126.3084711,1494.306756,1435.921549,27,23
10/27/19,2019,0,,DET,NYG,1482.664454,1372.644912,0.732529331,0.267470669,1491.54299,1363.766376,1465.087132,1369.677992,Matthew Stafford,Daniel Jones,181.1677285,96.4697022,13.85399932,-31.49313005,0.757278726,0.242721274,236.1805647,320.4823412,186.6690122,118.8709661,1473.068048,1361.697075,31,26
10/27/19,2019,0,,SF,CAR,1583.95062,1561.564458,0.623172345,0.376827655,1610.506424,1535.008653,1612.902425,1586.637245,Jimmy Garoppolo,Kyle Allen,133.8146385,69.86870137,-3.98599816,-91.2558708,0.735571129,0.264428871,142.8506888,-218.3613508,134.7182435,41.04569616,1630.829242,1568.710428,51,13
10/27/19,2019,0,,HOU,OAK,1553.322612,1437.405427,0.739128345,0.260871655,1560.005908,1430.72213,1548.875616,1440.215584,Deshaun Watson,Derek Carr,227.8702719,172.9369874,20.51724426,13.90350803,0.734535965,0.265464035,274.6638339,269.5662061,232.5496281,182.5999093,1555.688338,1433.402863,27,24
10/27/19,2019,0,,NE,CLE,1720.087372,1450.359891,0.872899939,0.127100061,1726.062179,1444.385084,1715.313863,1486.400421,Tom Brady,Baker Mayfield,220.8395404,113.134333,5.073570569,-19.67678443,0.856832746,0.143167254,141.6585133,115.6375859,212.9214377,113.3846583,1722.108048,1479.606236,27,13
10/27/19,2019,0,,KC,GB,1625.317139,1555.822996,0.68443101,0.31556899,1594.998993,1586.141142,1621.581832,1597.481132,Matt Moore,Aaron Rodgers,114.373692,229.1875938,-119.1001594,21.22468591,0.415594835,0.584405165,236.60621,265.0604358,126.5969438,232.774878,1604.750772,1614.312192,24,31
10/28/19,2019,0,,PIT,MIA,1547.290166,1325.970239,0.838646273,0.161353727,1554.825864,1318.434541,1569.247934,1304.197744,Mason Rudolph,Ryan Fitzpatrick,100.7166626,130.3613277,-107.7730793,21.54361083,0.779875393,0.220124607,83.31683125,34.07671898,98.97667943,120.7328669,1579.811266,1293.634413,27,14
10/31/19,2019,0,,ARI,SF,1382.397046,1610.506424,0.281115911,0.718884089,1375.140838,1617.762632,1363.462855,1630.829242,Kyler Murray,Jimmy Garoppolo,135.0419621,134.7182435,12.60595903,-3.334895738,0.246749751,0.753250249,294.1230078,358.7035617,150.9500667,157.1167754,1357.175561,1637.116535,25,28
11/3/19,2019,1,,JAX,HOU,1479.231492,1560.005908,0.3858063,0.6141937,1455.577692,1583.659708,1521.614468,1555.688338,Gardner Minshew,Deshaun Watson,104.4583802,232.5496281,-54.76591685,21.83106015,0.345908581,0.654091419,36.93418682,316.2283365,97.70596087,240.9174989,1500.681193,1576.621612,3,26
11/3/19,2019,0,,KC,MIN,1594.998993,1618.164604,0.559915247,0.440084753,1606.973039,1606.190558,1604.750772,1618.276489,Matt Moore,Kirk Cousins,126.5969438,199.7384959,-107.0335255,13.38720589,0.390572834,0.609427166,159.488574,194.6837051,129.8861068,199.2330168,1622.262897,1600.764364,26,23
11/3/19,2019,0,,BUF,WSH,1485.364051,1348.281154,0.761928681,0.238071319,1497.454912,1336.190293,1490.530518,1332.047676,Josh Allen,Dwayne Haskins,137.4330678,106.5537,2.377429723,-21.6722884,0.798013656,0.201986344,154.0279053,70.15271003,139.0925515,102.913601,1500.634816,1321.943378,24,9
11/3/19,2019,0,,CAR,TEN,1535.008653,1505.880646,0.63224136,0.36775864,1551.921945,1488.967355,1568.710428,1494.306756,Kyle Allen,Ryan Tannehill,41.04569616,123.0638858,-101.1045799,2.269463221,0.53932805,0.46067195,66.6133047,235.9944454,43.60245701,134.3569418,1590.53167,1472.485514,30,20
11/3/19,2019,0,,PIT,IND,1554.825864,1586.406105,0.547947115,0.452052885,1564.609855,1576.622114,1579.811266,1555.920837,Mason Rudolph,Jacoby Brissett,98.97667943,156.1206558,-103.2544169,0.601100692,0.466016728,0.533983272,143.9700311,45.20917404,103.4760146,145.0295076,1591.671578,1544.060525,26,24
11/3/19,2019,0,,MIA,NYJ,1318.434541,1326.878942,0.580678714,0.419321286,1336.399573,1308.91391,1293.634413,1377.362768,Ryan Fitzpatrick,Sam Darnold,120.7328669,75.68636649,15.65219985,13.43955096,0.468139028,0.531860972,182.7707937,87.6972807,126.9366595,76.88745791,1317.244692,1353.752488,26,18
11/3/19,2019,0,,PHI,CHI,1564.172498,1544.537534,0.619446135,0.380553865,1580.276227,1528.433805,1565.807513,1532.154242,Carson Wentz,Mitchell Trubisky,179.4551501,136.4142119,-0.961047576,-7.307020164,0.636951767,0.363048233,162.8004738,-19.21528631,177.7896824,120.851262,1581.083394,1516.878361,22,14
11/3/19,2019,0,,OAK,DET,1430.72213,1491.54299,0.506013976,0.493986024,1451.227479,1471.037641,1433.402863,1473.068048,Derek Carr,Matthew Stafford,182.5999093,186.6690122,18.03979356,15.91194116,0.537029729,0.462970271,232.4845152,251.9869332,187.5883699,193.2008043,1452.434258,1454.036653,31,24
11/3/19,2019,0,,SEA,TB,1574.458728,1444.23444,0.754693145,0.245306855,1583.227503,1435.465664,1540.560302,1435.921549,Russell Wilson,Jameis Winston,214.9620121,126.3084711,14.16018417,-17.62888712,0.761350298,0.238649702,407.4105545,262.9960436,234.2068663,139.9772284,1549.068712,1427.413139,40,34
11/3/19,2019,0,,DEN,CLE,1432.87922,1444.385084,0.576381627,0.423618373,1447.699307,1429.564998,1439.905721,1479.606236,Brandon Allen,Baker Mayfield,22.21758,113.3846583,-102.6118166,-18.56778256,0.409149742,0.590850258,124.9718787,253.9825699,32.49300987,127.4444495,1461.711702,1457.800255,24,19
11/3/19,2019,0,,LAC,GB,1506.014438,1586.141142,0.478244669,0.521755331,1535.147006,1557.008574,1483.095688,1614.312192,Philip Rivers,Aaron Rodgers,182.95695,232.774878,4.488176849,21.95709372,0.377795427,0.622204573,184.1521905,101.5179668,183.0764741,219.6491869,1519.013025,1578.394855,26,11
11/3/19,2019,0,,BAL,NE,1602.365142,1726.062179,0.416322766,0.583677234,1637.030925,1691.396396,1572.866971,1722.108048,Lamar Jackson,Tom Brady,193.6052385,212.9214377,22.113442,0.860840687,0.433306026,0.566693974,412.1019976,170.2129134,215.4549144,208.6505853,1606.335345,1688.639674,37,20
11/4/19,2019,0,,NYG,DAL,1363.766376,1559.38794,0.320403486,0.679596514,1345.645418,1577.508897,1361.697075,1551.922314,Daniel Jones,Dak Prescott,118.8709661,223.216192,-18.71784159,18.40747609,0.248968877,0.751031123,107.5764311,249.4178275,117.7415126,225.8363556,1347.976417,1565.642972,18,37
11/7/19,2019,0,,OAK,LAC,1451.227479,1535.147006,0.472799492,0.527200508,1462.91174,1523.462745,1452.434258,1519.013025,Derek Carr,Philip Rivers,187.5883699,183.0764741,19.63203418,4.32353003,0.507943211,0.492056789,144.5883595,-131.8961224,183.2883688,151.5792144,1463.218791,1508.228492,26,24
11/10/19,2019,0,,TEN,KC,1488.967355,1606.973039,0.424305055,0.575694945,1505.323075,1590.617319,1472.485514,1622.262897,Ryan Tannehill,Patrick Mahomes,134.3569418,244.1179177,7.802518038,14.19454316,0.360862455,0.639137545,171.3858108,442.7489305,138.0598287,263.981019,1491.043833,1603.704578,35,32
11/10/19,2019,0,,NO,ATL,1677.668776,1401.747072,0.876803589,0.123196411,1617.688147,1461.727701,1681.578486,1399.898321,Drew Brees,Matt Ryan,226.8874519,229.6478559,9.197032532,1.114064095,0.880208015,0.119791985,39.07517357,125.1311621,208.106224,219.1961865,1621.184951,1460.291856,9,26
11/10/19,2019,0,,NYJ,NYG,1308.91391,1345.645418,0.540592096,0.459407904,1327.77776,1326.781568,1353.752488,1347.976417,Sam Darnold,Daniel Jones,76.88745791,117.7415126,13.36811912,-18.34667626,0.630047414,0.369952586,224.0432271,203.298545,91.60303483,126.2972158,1368.517637,1333.211268,34,27
11/10/19,2019,0,,CLE,BUF,1429.564998,1497.454912,0.495841175,0.504158825,1443.561634,1483.458275,1457.800255,1500.634816,Baker Mayfield,Josh Allen,127.4444495,139.0925515,-10.60949786,3.088300112,0.498791825,0.501208175,213.1313655,253.6595758,136.0131411,150.5492539,1471.702001,1486.73307,19,16
11/10/19,2019,0,,CHI,DET,1528.433805,1471.037641,0.669199989,0.330800011,1541.466331,1458.005115,1516.878361,1454.036653,Mitchell Trubisky,Jeff Driskel,120.851262,29.16902568,-14.72314406,-145.6495384,0.808723594,0.191276406,98.06658042,189.9367411,118.5727939,45.24579722,1524.020265,1446.89475,20,13
11/10/19,2019,0,,CIN,BAL,1313.380842,1637.030925,0.184085452,0.815914548,1301.485059,1648.926708,1294.843835,1606.335345,Ryan Finley,Lamar Jackson,66.19932,215.4549144,-57.0997377,31.93260786,0.137603575,0.862396425,62.33855871,399.3999984,65.81324387,233.8494228,1286.164209,1615.014971,13,49
11/10/19,2019,0,,TB,ARI,1435.465664,1375.140838,0.672921327,0.327078673,1444.045456,1366.561046,1427.413139,1357.175561,Jameis Winston,Kyler Murray,139.9772284,150.9500667,-9.913064137,19.92971336,0.643518188,0.356481812,111.3846746,259.2963178,137.117973,161.7846918,1436.85647,1347.732229,30,27
11/10/19,2019,0,,IND,MIA,1576.622114,1336.399573,0.852833807,0.147166193,1544.748369,1368.273318,1544.060525,1317.244692,Brian Hoyer,Ryan Fitzpatrick,119.1727128,126.9366595,-30.83132328,17.9714862,0.796519942,0.203480058,-97.89129232,77.99782052,97.46631227,122.0427756,1515.325027,1345.98019,12,16
11/10/19,2019,0,,PIT,LAR,1564.609855,1589.854923,0.556963558,0.443036442,1580.204351,1574.260428,1591.671578,1590.303771,Mason Rudolph,Jared Goff,103.4760146,167.0839796,-95.84202849,4.983752361,0.404435913,0.595564087,113.5727299,-45.85499364,104.4856861,145.7900823,1613.686501,1568.288848,17,12
11/10/19,2019,0,,GB,CAR,1557.008574,1551.921945,0.599516533,0.400483467,1574.064263,1534.866255,1578.394855,1590.53167,Aaron Rodgers,Kyle Allen,219.6491869,43.60245701,14.29639347,-94.77097044,0.709255007,0.290744993,123.5110141,156.100872,210.0353696,54.85229851,1590.330996,1578.595529,24,16
11/10/19,2019,0,,DAL,MIN,1577.508897,1606.190558,0.552076748,0.447923252,1559.439944,1624.259511,1565.642972,1600.764364,Dak Prescott,Kirk Cousins,225.8363556,199.2330168,18.79718406,12.46510605,0.542626144,0.457373856,330.3404363,255.9439006,236.2867636,204.9041052,1547.937554,1618.469782,24,28
11/11/19,2019,0,,SF,SEA,1617.762632,1583.227503,0.639448264,0.360551736,1599.193221,1601.796914,1637.116535,1549.068712,Jimmy Garoppolo,Russell Wilson,157.1167754,234.2068663,8.031114957,23.07460208,0.679743001,0.320256999,-52.13746755,191.6031484,136.1913511,229.9464945,1617.079314,1569.105933,24,27
11/14/19,2019,0,,CLE,PIT,1443.561634,1580.204351,0.398334719,0.601665281,1477.245335,1546.520649,1471.702001,1613.686501,Baker Mayfield,Mason Rudolph,136.0131411,104.4856861,-5.79467716,-90.5450913,0.497443755,0.502556245,236.9040471,-134.597112,146.1022317,80.57740631,1498.942946,1586.445556,21,7
11/17/19,2019,0,,IND,JAX,1544.748369,1455.577692,0.708369395,0.291630605,1561.342977,1438.983084,1515.325027,1500.681193,Jacoby Brissett,Nick Foles,145.0295076,163.4888682,7.420237988,10.3790766,0.563676971,0.436323029,101.3932107,228.1742205,140.6658779,169.9574034,1541.366319,1474.639901,33,13
11/17/19,2019,0,,DET,DAL,1458.005115,1559.439944,0.447757434,0.552242566,1438.649201,1578.795858,1446.89475,1547.937554,Jeff Driskel,Dak Prescott,45.24579722,236.2867636,-130.3286757,23.0825289,0.245123045,0.754876955,254.9929966,386.1695424,66.22051716,251.2750415,1437.001618,1557.830686,27,35
11/17/19,2019,0,,MIA,BUF,1368.273318,1483.458275,0.428276166,0.571723834,1344.067929,1507.663664,1345.98019,1486.73307,Ryan Fitzpatrick,Josh Allen,122.0427756,150.5492539,14.62596993,8.662236319,0.393540566,0.606459434,130.8310883,415.1695633,122.9216069,177.0112849,1323.981813,1508.731447,20,37
11/17/19,2019,0,,TB,NO,1444.045456,1617.688147,0.348554849,0.651445151,1424.844591,1636.889011,1436.85647,1621.184951,Jameis Winston,Drew Brees,137.117973,208.106224,-10.84703862,-0.653433009,0.311709826,0.688290174,72.97089499,266.0977929,130.7032652,213.9053809,1419.898061,1638.143361,17,34
11/17/19,2019,0,,MIN,DEN,1624.259511,1447.699307,0.800677211,0.199322789,1630.04069,1441.918128,1618.469782,1461.711702,Kirk Cousins,Brandon Allen,204.9041052,32.49300987,14.67739494,-92.34351084,0.846480526,0.153519474,312.1997324,58.36970551,215.6336679,35.08067943,1622.824346,1457.357139,27,23
11/17/19,2019,0,,CAR,ATL,1534.866255,1461.727701,0.688944516,0.311055484,1486.410747,1510.183209,1578.595529,1460.291856,Kyle Allen,Matt Ryan,54.85229851,219.1961865,-84.40750117,-4.167473798,0.632028425,0.367971575,-127.9122941,204.4217544,36.57583925,217.7187433,1535.075395,1503.81199,3,29
11/17/19,2019,0,,WSH,NYJ,1336.190293,1327.77776,0.604104405,0.395895595,1300.063024,1363.905029,1321.943378,1368.517637,Dwayne Haskins,Sam Darnold,102.913601,91.60303483,-22.40872348,20.05750163,0.488132412,0.511867588,-50.44009123,235.392801,87.57823178,105.9820115,1293.831091,1396.629925,17,34
11/17/19,2019,0,,BAL,HOU,1648.926708,1583.659708,0.679151926,0.320848074,1670.465858,1562.120558,1615.014971,1576.621612,Lamar Jackson,Deshaun Watson,233.8494228,240.9174989,39.53323167,24.92344256,0.624039694,0.375960306,408.2837685,-81.72207821,251.2928574,208.6535412,1640.719843,1550.916741,41,7
11/17/19,2019,0,,SF,ARI,1599.193221,1366.561046,0.847264923,0.152735077,1605.645204,1360.109064,1617.079314,1347.732229,Jimmy Garoppolo,Kyler Murray,136.1913511,161.7846918,-2.833152937,24.35054025,0.848810688,0.151189312,334.4717319,326.199282,156.0193892,178.2261508,1623.460675,1341.350868,36,26
11/17/19,2019,0,,OAK,CIN,1462.91174,1301.485059,0.786409455,0.213590545,1470.965789,1293.43101,1463.218791,1286.164209,Derek Carr,Ryan Finley,183.2883688,65.81324387,16.50043195,-54.43778888,0.857037604,0.142962396,174.4662895,-126.3250253,182.4061609,46.59941695,1468.427802,1280.955199,17,10
11/17/19,2019,0,,PHI,NE,1580.276227,1691.396396,0.434014864,0.565985136,1562.596685,1709.075938,1581.083394,1688.639674,Carson Wentz,Tom Brady,177.7896824,208.6505853,-1.745729012,-1.317627564,0.425763555,0.574236445,97.43318877,81.04176902,169.7540331,195.8897036,1563.785012,1705.938056,10,17
11/17/19,2019,0,,LAR,CHI,1574.260428,1541.466331,0.637134393,0.362865607,1590.922061,1524.804697,1568.288848,1524.020265,Jared Goff,Mitchell Trubisky,145.7900823,118.5727939,-5.91238392,-15.12622094,0.652601327,0.347398673,86.35619505,36.58038443,139.8466936,110.3735529,1584.159246,1508.149866,17,7
11/18/19,2019,1,,LAC,KC,1523.462745,1590.617319,0.4045426,0.5954574,1507.136642,1606.943422,1508.228492,1603.704578,Philip Rivers,Patrick Mahomes,151.5792144,263.981019,-11.6412763,23.41636664,0.320513593,0.679486407,-5.187188693,190.4552326,135.9025741,256.6284404,1495.645311,1616.287759,17,24
11/21/19,2019,0,,HOU,IND,1562.120558,1561.342977,0.59354654,0.40645346,1573.062683,1550.400852,1550.916741,1541.366319,Deshaun Watson,Jacoby Brissett,208.6535412,140.6658779,7.545291575,4.867411241,0.600385724,0.399614276,213.7618005,105.6858711,209.1643671,137.1678772,1561.651353,1530.631707,20,17
11/24/19,2019,0,,NYJ,OAK,1363.905029,1470.965789,0.439763682,0.560236318,1403.494545,1431.376273,1396.629925,1468.427802,Sam Darnold,Derek Carr,105.9820115,182.4061609,26.24411486,15.23430639,0.506365595,0.493634405,360.437517,18.37820435,131.427562,166.0033653,1430.777394,1434.280332,34,3
11/24/19,2019,0,,ATL,TB,1510.183209,1424.844591,0.703791522,0.296208478,1470.311632,1464.716168,1503.81199,1419.898061,Matt Ryan,Jameis Winston,217.7187433,130.7032652,-4.69782171,-13.51204059,0.702651864,0.297348136,-92.7508057,252.3396116,186.6717884,142.8668999,1464.023392,1459.686659,22,35
11/24/19,2019,0,,CLE,MIA,1477.245335,1344.067929,0.757826646,0.242173354,1490.08789,1331.225374,1498.942946,1323.981813,Baker Mayfield,Ryan Fitzpatrick,146.1022317,122.9216069,-0.460398003,14.33408707,0.779617177,0.220382823,270.2973762,118.6090346,158.5217461,122.4903497,1510.527033,1312.397726,41,24
11/24/19,2019,0,,CIN,PIT,1293.43101,1546.520649,0.252989549,0.747010451,1284.36059,1555.59107,1280.955199,1586.445556,Ryan Finley,Mason Rudolph,46.59941695,80.57740631,-61.3228129,-97.97197664,0.227048061,0.772951939,56.06513572,-127.9907339,47.54598883,59.72059229,1272.898272,1594.502483,10,16
11/24/19,2019,0,,PHI,SEA,1562.596685,1601.796914,0.537060759,0.462939241,1538.715767,1625.677832,1563.785012,1569.105933,Carson Wentz,Russell Wilson,169.7540331,229.9464945,-5.676267245,19.79068608,0.512549506,0.487450494,127.6456968,-41.51402842,165.5431994,202.8004422,1541.171632,1591.719314,9,17
11/24/19,2019,0,,CHI,NYG,1524.804697,1326.781568,0.819665495,0.180334505,1530.576915,1321.00935,1508.149866,1333.211268,Mitchell Trubisky,Daniel Jones,110.3735529,126.2972158,-18.46953037,-13.15149083,0.762306915,0.237693085,124.3673568,214.0046763,111.7729333,135.0679619,1515.949881,1325.411253,19,14
11/24/19,2019,0,,BUF,DEN,1507.663664,1441.918128,0.679751887,0.320248113,1525.137896,1424.443895,1508.731447,1457.357139,Josh Allen,Brandon Allen,177.0112849,35.08067943,21.46013997,-86.43250052,0.779896969,0.220103031,224.9460368,-105.4241751,181.8047601,21.03019398,1520.299474,1445.789111,20,3
11/24/19,2019,0,,NO,CAR,1636.889011,1486.410747,0.775632345,0.224367655,1642.554864,1480.744894,1638.143361,1535.075395,Drew Brees,Kyle Allen,213.9053809,36.57583925,2.278817086,-89.32535574,0.810334042,0.189665958,315.6069577,209.5386413,224.0755386,53.87211945,1642.861049,1530.357707,34,31
11/24/19,2019,0,,WSH,DET,1300.063024,1438.649201,0.39565656,0.60434344,1317.398835,1421.31339,1293.831091,1437.001618,Dwayne Haskins,Jeff Driskel,87.57823178,66.22051716,-28.95597192,-113.324882,0.496842719,0.503157281,11.41735631,118.319452,79.96214423,71.43041064,1307.795499,1423.03721,19,16
11/24/19,2019,0,,TEN,JAX,1505.323075,1438.983084,0.68049635,0.31950365,1524.230347,1420.075811,1491.043833,1474.639901,Ryan Tannehill,Nick Foles,138.0598287,169.9574034,9.263835589,13.09439039,0.632844406,0.367155594,435.1998412,169.777775,167.7738299,169.9394405,1513.119095,1452.564639,42,20
11/24/19,2019,0,,NE,DAL,1709.075938,1578.795858,0.754752597,0.245247403,1716.326556,1571.54524,1705.938056,1557.830686,Tom Brady,Dak Prescott,195.8897036,251.2750415,-7.632186999,29.42254139,0.729402131,0.270597869,33.64963777,160.1778203,179.6656971,242.1653194,1714.01579,1549.752952,13,9
11/24/19,2019,0,,SF,GB,1605.645204,1574.064263,0.63551831,0.36448169,1629.396017,1550.313451,1623.460675,1590.330996,Jimmy Garoppolo,Aaron Rodgers,156.0193892,210.0353696,7.222523752,8.774665159,0.597898399,0.402101601,182.2521194,60.04560892,158.6426622,195.0363936,1649.982401,1563.80927,37,8
11/25/19,2019,0,,LAR,BAL,1590.922061,1670.465858,0.479082012,0.520917988,1555.808674,1705.579245,1584.159246,1640.719843,Jared Goff,Lamar Jackson,139.8466936,251.2928574,-8.588459085,46.27828737,0.423601913,0.576398087,65.22031671,436.3276562,132.3840559,269.7963373,1553.648954,1671.230135,6,45
11/28/19,2019,0,,DET,CHI,1421.31339,1530.576915,0.436642082,0.563357918,1407.535629,1544.354676,1423.03721,1515.949881,David Blough,Mitchell Trubisky,28.11204,111.7729333,-148.3720618,-16.84636365,0.274898151,0.725101849,173.9007335,303.1927795,42.69090935,130.9149179,1414.818058,1524.169033,20,24
11/28/19,2019,0,,DAL,BUF,1571.54524,1525.137896,0.65505003,0.34494997,1537.253977,1559.429159,1549.752952,1520.299474,Dak Prescott,Josh Allen,242.1653194,181.8047601,23.39655326,22.78387057,0.626591702,0.373408298,283.2733247,247.4234469,246.2761199,188.3666288,1517.285476,1552.766951,15,26
11/28/19,2019,0,,ATL,NO,1470.311632,1642.554864,0.35038629,0.64961371,1455.62978,1657.236716,1464.023392,1642.861049,Matt Ryan,Drew Brees,186.6717884,224.0755386,-19.98640807,7.249955071,0.297367215,0.702632785,42.93800021,114.6189221,172.2984096,213.129877,1451.786587,1655.097854,18,26
12/1/19,2019,0,,MIA,PHI,1331.225374,1538.715767,0.305712582,0.694287418,1360.11706,1509.824081,1312.397726,1541.171632,Ryan Fitzpatrick,Carson Wentz,122.4903497,165.5431994,13.4017541,-7.497870694,0.298006771,0.701993229,274.687964,186.1287984,137.7101111,167.6017593,1341.700546,1511.868812,37,31
12/1/19,2019,0,,NYG,GB,1321.00935,1550.313451,0.279728158,0.720271842,1305.681259,1565.641542,1325.411253,1563.80927,Daniel Jones,Aaron Rodgers,135.0679619,195.0363936,-8.108543265,0.836443865,0.251648532,0.748351468,23.61580445,343.83528,123.9227461,209.9162822,1311.766223,1577.454301,13,31
12/1/19,2019,0,,CIN,NYJ,1284.36059,1403.494545,0.422719342,0.577280658,1317.896983,1369.958151,1272.898272,1430.777394,Andy Dalton,Sam Darnold,121.106818,131.427562,15.77744289,37.65468439,0.244423455,0.755576545,127.9755851,8.725093787,121.7936947,119.1573152,1319.90115,1383.774516,22,6
12/1/19,2019,0,,CAR,WSH,1480.744894,1317.398835,0.78825945,0.21174055,1442.09346,1356.05027,1530.357707,1307.795499,Kyle Allen,Dwayne Haskins,53.87211945,79.96214423,-76.21094786,-31.31621709,0.789809492,0.210190508,93.22977041,-53.63709914,57.80788455,66.6022199,1491.598467,1346.554738,21,29
12/1/19,2019,0,,PIT,CLE,1555.59107,1490.08789,0.679448108,0.320551892,1568.17592,1477.50304,1594.502483,1510.527033,Devlin Hodges,Baker Mayfield,37.51950889,158.5217461,-125.7028682,5.772379121,0.511450498,0.488549502,115.2848739,12.30816995,45.29604539,143.9003885,1614.747454,1490.282063,20,13
12/1/19,2019,0,,BAL,SF,1705.579245,1629.396017,0.692687964,0.307312036,1713.585922,1621.38934,1671.230135,1649.982401,Lamar Jackson,Jimmy Garoppolo,269.7963373,158.6426622,53.21611295,8.173034076,0.680200393,0.319799607,323.6496195,155.6455919,275.1816655,158.3429552,1679.598189,1641.614347,20,17
12/1/19,2019,0,,IND,TEN,1550.400852,1524.230347,0.62827406,0.37172594,1514.901776,1559.729423,1530.631707,1513.119095,Jacoby Brissett,Ryan Tannehill,137.1678772,167.7738299,2.875040337,23.65764443,0.575311578,0.424688422,82.71517724,69.06000149,131.7226072,157.9024471,1498.707033,1545.043769,17,31
12/1/19,2019,0,,JAX,TB,1420.075811,1464.716168,0.52926639,0.47073361,1389.194491,1495.597488,1452.564639,1459.686659,Nick Foles,Jameis Winston,169.9394405,142.8668999,12.43068945,-6.754621238,0.596276953,0.403723047,-91.4469744,109.1461401,143.8007991,139.4948239,1417.000244,1495.251054,11,28
12/1/19,2019,0,,ARI,LAR,1360.109064,1555.808674,0.320305667,0.679694333,1339.959639,1575.958098,1341.350868,1553.648954,Kyler Murray,Jared Goff,178.2261508,132.3840559,31.35374274,-11.89035497,0.381505295,0.618494705,-12.21243557,350.3844363,159.1822922,154.1840939,1316.860162,1578.139661,7,34
12/1/19,2019,0,,KC,OAK,1606.943422,1431.376273,0.79976333,0.20023667,1619.45468,1418.865015,1616.287759,1434.280332,Patrick Mahomes,Derek Carr,256.6284404,166.0033653,18.56925898,6.271193243,0.833904132,0.166095868,154.6119321,74.56846176,246.4267895,156.8598749,1626.499557,1424.068534,40,9
12/1/19,2019,0,,DEN,LAC,1424.443895,1507.136642,0.474560077,0.525439923,1439.130294,1492.450244,1445.789111,1495.645311,Drew Lock,Philip Rivers,94.31136,135.9025741,-15.8549522,-18.89753264,0.480577866,0.519422134,157.7987619,173.405026,100.6601002,139.6528193,1460.279487,1481.154935,23,20
12/1/19,2019,0,,HOU,NE,1573.062683,1716.326556,0.38923641,0.61076359,1597.709295,1691.679944,1561.651353,1714.01579,Deshaun Watson,Tom Brady,209.1643671,179.6656971,7.423439961,-15.36258094,0.403088299,0.596911701,278.8552203,133.3678686,216.1334525,175.0359142,1585.62532,1690.041823,28,22
12/2/19,2019,0,,SEA,MIN,1625.677832,1630.04069,0.586388508,0.413611492,1642.418051,1613.300472,1591.719314,1622.824346,Russell Wilson,Kirk Cousins,202.8004422,215.6336679,5.228125632,19.30830656,0.486170376,0.513829624,194.0175112,186.569703,201.9221491,212.7272714,1613.182665,1601.360995,37,30
12/5/19,2019,0,,CHI,DAL,1544.354676,1537.253977,0.602296952,0.397703048,1560.369816,1521.238838,1524.169033,1517.285476,Mitchell Trubisky,Dak Prescott,130.9149179,246.2761199,-6.433053162,24.28212586,0.54939634,0.45060366,368.0085656,191.9019879,154.6242827,240.8387067,1542.620296,1498.834213,31,24
12/8/19,2019,0,,HOU,DEN,1597.709295,1439.130294,0.783643077,0.216356923,1550.465125,1486.374464,1585.62532,1460.279487,Deshaun Watson,Drew Lock,216.1334525,100.6601002,10.53681062,-11.88783449,0.766308628,0.233691372,222.1210657,299.2557661,216.7322138,120.5196668,1539.826503,1506.078303,24,38
12/8/19,2019,0,,ATL,CAR,1455.62978,1442.09346,0.611136368,0.388863632,1478.491728,1419.231512,1451.786587,1491.598467,Matt Ryan,Kyle Allen,172.2984096,57.80788455,-26.17377708,-70.43251792,0.58599056,0.41400944,281.6510468,81.46426698,183.2336733,60.17352279,1476.322713,1467.062341,40,20
12/8/19,2019,0,,GB,WSH,1565.641542,1356.05027,0.829300012,0.170699988,1571.079833,1350.611979,1577.454301,1346.554738,Aaron Rodgers,Dwayne Haskins,209.9162822,66.6022199,8.234565992,-36.43036841,0.87201351,0.12798649,84.9045729,-3.99869476,197.4151113,59.54212843,1581.437228,1342.571811,20,15
12/8/19,2019,0,,NO,SF,1657.236716,1621.38934,0.641188007,0.358811993,1642.471544,1636.154512,1655.097854,1641.614347,Drew Brees,Jimmy Garoppolo,213.129877,158.3429552,1.414626491,7.614528858,0.599355193,0.400644807,568.1334295,315.6473912,248.6302322,174.0733988,1641.496076,1655.216124,46,48
12/8/19,2019,0,,TB,IND,1495.597488,1514.901776,0.565384836,0.434615164,1507.402382,1503.096881,1495.251054,1498.707033,Jameis Winston,Jacoby Brissett,139.4948239,131.7226072,-8.102928163,0.008653319,0.566944383,0.433055617,394.9132924,194.2516653,165.0366707,137.9755131,1507.007813,1486.950274,38,35
12/8/19,2019,0,,CLE,CIN,1477.50304,1317.896983,0.78464379,0.21535621,1486.090077,1309.309946,1490.282063,1319.90115,Baker Mayfield,Andy Dalton,143.9003885,121.7936947,-1.826918644,15.33200911,0.769193693,0.230806307,-1.644869887,86.05692121,129.3458627,118.2200174,1499.544328,1310.638885,27,19
12/8/19,2019,0,,BUF,BAL,1559.429159,1713.585922,0.37443721,0.62556279,1544.463259,1728.551823,1552.766951,1679.598189,Josh Allen,Lamar Jackson,188.3666288,275.1816655,24.92561138,53.24797141,0.361147776,0.638852224,-57.10039668,238.0559494,163.8199262,271.4690939,1538.394557,1693.970582,17,24
12/8/19,2019,0,,MIN,DET,1613.300472,1407.535629,0.826159225,0.173840775,1621.470466,1399.365635,1601.360995,1414.818058,Kirk Cousins,David Blough,212.7272714,42.69090935,16.88969299,-133.664024,0.906325465,0.093674535,202.5294316,-33.8470733,211.7074874,35.03711109,1605.553839,1410.625214,20,7
12/8/19,2019,0,,NYJ,MIA,1369.958151,1360.11706,0.606069449,0.393930551,1375.239523,1354.835688,1383.774516,1341.700546,Sam Darnold,Ryan Fitzpatrick,119.1573152,137.7101111,29.63682676,20.34154711,0.654149765,0.345850235,117.3886495,134.0830969,118.9804486,137.3474097,1388.339294,1337.135767,22,21
12/8/19,2019,0,,JAX,LAC,1389.194491,1492.450244,0.445166965,0.554833035,1357.834524,1523.810211,1417.000244,1481.154935,Gardner Minshew,Philip Rivers,97.70596087,139.6528193,-47.35500395,-16.07753341,0.453967408,0.546032592,161.4251149,330.3651241,104.0778763,158.7240498,1384.931808,1513.223371,10,45
12/8/19,2019,0,,ARI,PIT,1339.959639,1568.17592,0.280991565,0.719008435,1329.779229,1578.35633,1316.860162,1614.747454,Kyler Murray,Devlin Hodges,159.1822922,45.29604539,20.26412629,-115.5294566,0.360254381,0.639745619,-16.72094753,99.19150553,141.5919682,50.68559141,1303.447889,1628.159727,17,23
12/8/19,2019,0,,OAK,TEN,1418.865015,1559.729423,0.392525036,0.607474964,1395.407682,1583.186756,1424.068534,1545.043769,Derek Carr,Ryan Tannehill,156.8598749,157.9024471,1.385888406,17.53907079,0.394633393,0.605366607,281.8257094,371.5776265,169.3564584,179.269965,1400.469293,1568.643009,21,42
12/8/19,2019,0,,NE,KC,1691.679944,1619.45468,0.687816754,0.312183246,1661.17148,1649.963144,1690.041823,1626.499557,Tom Brady,Patrick Mahomes,175.0359142,246.4267895,-16.90934332,12.53997062,0.632109199,0.367890801,37.47632969,232.2087503,161.2799558,245.0049856,1662.579379,1653.962001,16,23
12/8/19,2019,0,,LAR,SEA,1575.958098,1642.418051,0.497898972,0.502101028,1604.428178,1613.947971,1578.139661,1613.182665,Jared Goff,Russell Wilson,154.1840939,201.9221491,-0.395818202,4.527572801,0.531507805,0.468492195,201.2975089,42.81447722,158.8954354,186.0113819,1604.4245,1586.897826,28,12
12/9/19,2019,0,,PHI,NYG,1509.824081,1305.681259,0.824814143,0.175185857,1515.89883,1299.60651,1511.868812,1311.766223,Carson Wentz,Eli Manning,167.6017593,141.6737315,-6.093697213,4.475261426,0.803704912,0.196295088,221.009807,114.0698568,172.9425641,138.9133441,1518.743108,1304.891926,23,17
12/12/19,2019,0,,BAL,NYJ,1728.551823,1375.239523,0.917435249,0.082564751,1732.840574,1370.950772,1693.970582,1388.339294,Lamar Jackson,Sam Darnold,271.4690939,118.9804486,48.72928704,28.06655213,0.895888602,0.104111398,442.8252331,194.5409142,288.6047078,126.5364952,1699.471863,1382.838012,42,21
12/15/19,2019,0,,CIN,NE,1309.309946,1661.17148,0.160932285,0.839067715,1300.508598,1669.972829,1310.638885,1662.579379,Andy Dalton,Tom Brady,118.2200174,161.2799558,12.77856997,-22.94185538,0.184372173,0.815627827,-11.75539616,35.69366462,105.222476,148.7213266,1300.43854,1672.779724,13,34
12/15/19,2019,0,,TEN,HOU,1583.186756,1550.465125,0.637037946,0.362962054,1564.703298,1568.948582,1568.643009,1539.826503,Ryan Tannehill,Deshaun Watson,179.269965,216.7322138,27.34587622,10.30935075,0.644748721,0.355251279,180.3092688,184.8707149,179.3738954,213.5460639,1549.88389,1558.585622,21,24
12/15/19,2019,0,,KC,DEN,1649.963144,1486.374464,0.788492463,0.211507537,1661.629729,1474.70788,1653.962001,1506.078303,Patrick Mahomes,Drew Lock,245.0049856,120.5196668,11.20207013,-1.363659469,0.777859185,0.222140815,278.9613034,-16.57119578,248.4006174,106.8105805,1666.270247,1493.770057,23,3
12/15/19,2019,0,,WSH,PHI,1350.611979,1515.89883,0.359554672,0.640445328,1334.120264,1532.390545,1342.571811,1518.743108,Dwayne Haskins,Carson Wentz,59.54212843,172.9425641,-38.13889572,-3.118609969,0.289772079,0.710227921,294.122655,291.8256353,83.00018109,184.8308712,1329.593663,1531.721256,27,37
12/15/19,2019,0,,CAR,SEA,1419.231512,1613.947971,0.321539042,0.678460958,1407.414543,1625.76494,1467.062341,1586.897826,Kyle Allen,Russell Wilson,60.17352279,186.0113819,-65.7280729,-3.654189434,0.336711798,0.663288202,73.05892445,264.2347855,61.46206296,193.8337223,1454.624013,1599.336154,24,30
12/15/19,2019,0,,GB,CHI,1571.079833,1560.369816,0.607263022,0.392736978,1587.764287,1543.685362,1581.437228,1542.620296,Aaron Rodgers,Mitchell Trubisky,197.4151113,154.6242827,1.572252226,5.743281878,0.62721281,0.37278719,155.5431795,97.14753099,193.2279181,148.8766075,1597.172718,1526.884806,21,13
12/15/19,2019,0,,DET,TB,1399.365635,1507.402382,0.43837998,0.56162002,1372.784595,1533.983422,1410.625214,1507.007813,David Blough,Jameis Winston,35.03711109,165.0366707,-130.807722,5.073141672,0.269428962,0.730571038,-2.934626916,349.779251,31.23993729,183.5109288,1395.18506,1522.447967,17,38
12/15/19,2019,0,,NYG,MIA,1299.60651,1354.835688,0.514057638,0.485942362,1327.020326,1327.421873,1304.891926,1337.135767,Eli Manning,Ryan Fitzpatrick,138.9133441,137.3474097,2.871304619,19.14311905,0.515581642,0.484418358,97.95550801,181.8756077,134.8175605,141.8002295,1332.206665,1309.821029,36,20
12/15/19,2019,0,,ARI,CLE,1329.779229,1486.090077,0.371537281,0.628462719,1365.291328,1450.577978,1303.447889,1499.544328,Kyler Murray,Baker Mayfield,141.5919682,129.3458627,10.45575799,-9.012835632,0.340796858,0.659203142,280.0503662,170.4282213,155.437808,133.4540985,1341.113175,1461.879043,38,24
12/15/19,2019,0,,LAC,MIN,1523.810211,1621.470466,0.453136075,0.546863925,1493.437014,1651.843663,1513.223371,1605.553839,Philip Rivers,Kirk Cousins,158.7240498,211.7074874,-5.738041499,15.53531634,0.425026481,0.574973519,105.4215714,200.5101501,153.3938019,210.5877537,1484.985165,1633.792045,10,39
12/15/19,2019,0,,OAK,JAX,1395.407682,1357.834524,0.643470354,0.356529646,1373.68224,1379.559966,1400.469293,1384.931808,Derek Carr,Gardner Minshew,169.3564584,104.0778763,7.56488571,-41.80129606,0.678002733,0.321997267,132.3131589,140.7750362,165.6521284,107.7475923,1377.281896,1408.119206,16,20
12/15/19,2019,0,,SF,ATL,1636.154512,1478.491728,0.782747521,0.217252479,1599.935187,1514.711053,1655.216124,1476.322713,Jimmy Garoppolo,Matt Ryan,174.0733988,183.2336733,15.09902422,-19.39745636,0.831199205,0.168800795,134.7773446,234.1130491,170.1437933,188.3216109,1615.669453,1515.869384,22,29
12/15/19,2019,0,,DAL,LAR,1521.238838,1604.428178,0.473847324,0.526152676,1554.960475,1570.706541,1498.834213,1604.4245,Dak Prescott,Jared Goff,240.8387067,158.8954354,20.34931297,1.979643456,0.456972214,0.543027786,249.8600444,177.6444283,241.7408405,160.7703347,1533.826378,1569.432335,44,21
12/15/19,2019,0,,PIT,BUF,1578.35633,1544.463259,0.638595702,0.361404298,1550.547851,1572.271737,1628.159727,1538.394557,Devlin Hodges,Josh Allen,50.68559141,163.8199262,-107.0582107,11.40597954,0.538768293,0.461231707,-65.60055702,168.2213909,39.05697656,164.2600727,1605.474646,1561.079638,10,17
12/16/19,2019,0,,NO,IND,1642.471544,1503.096881,0.764313431,0.235686569,1656.843538,1488.724888,1641.496076,1486.950274,Drew Brees,Jacoby Brissett,248.6302322,137.9755131,19.09407279,3.134673558,0.788273231,0.211726769,470.1739188,61.57131267,270.7846009,130.335093,1654.279493,1474.166857,34,7
12/21/19,2019,0,,TB,HOU,1533.983422,1568.948582,0.543116258,0.456883742,1518.716617,1584.215388,1522.447967,1558.585622,Jameis Winston,Deshaun Watson,183.5109288,213.5460639,14.0566136,8.200808275,0.540037476,0.459962524,-74.58990358,-30.54160455,157.7008455,189.137297,1507.28276,1573.750829,20,23
12/21/19,2019,0,,NE,BUF,1669.972829,1572.271737,0.718408876,0.281591124,1680.877424,1561.367141,1672.779724,1561.079638,Tom Brady,Josh Allen,148.7213266,164.2600727,-28.07407717,11.0557538,0.67770835,0.32229165,344.8657619,204.6186647,168.3357702,168.2959319,1685.440404,1548.418958,24,17
12/21/19,2019,0,,SF,LAR,1599.935187,1570.706541,0.632376049,0.367623951,1609.709252,1560.932476,1615.669453,1569.432335,Jimmy Garoppolo,Jared Goff,170.1437933,160.7703347,12.3792703,2.818110928,0.66327883,0.33672117,-39.53666683,258.6736876,149.1757473,170.56067,1624.530972,1560.570816,34,31
12/22/19,2019,0,,IND,CAR,1488.724888,1407.414543,0.698934682,0.301065318,1508.465582,1387.673848,1474.166857,1454.624013,Jacoby Brissett,Will Grier,130.335093,68.013,-0.842270139,-55.24646213,0.679643463,0.320356537,94.89933725,-127.8984861,126.7915174,48.42185139,1495.313527,1433.477342,38,6
12/22/19,2019,0,,NYJ,PIT,1370.950772,1550.547851,0.340812888,0.659187112,1398.014909,1523.483714,1382.838012,1605.474646,Sam Darnold,Devlin Hodges,126.5364952,39.05697656,30.44124781,-107.5196076,0.459184339,0.540815661,155.1566123,-111.9697376,129.3985069,23.95430515,1404.161089,1584.15157,16,10
12/22/19,2019,0,,TEN,NO,1564.703298,1656.843538,0.461021307,0.538978693,1542.863113,1678.683723,1549.88389,1654.279493,Ryan Tannehill,Drew Brees,179.3738954,270.7846009,26.0305476,29.21655349,0.427552175,0.572447825,183.8590381,247.8634702,179.8224097,268.4924878,1529.841263,1674.32212,28,38
12/22/19,2019,0,,CLE,BAL,1450.577978,1732.840574,0.222585212,0.777414788,1439.098968,1744.319584,1461.879043,1699.471863,Baker Mayfield,Lamar Jackson,133.4540985,288.6047078,-6.50807592,54.86062964,0.198252932,0.801747068,201.6101595,436.6241389,140.2697046,303.4066509,1451.761463,1709.589443,15,31
12/22/19,2019,0,,WSH,NYG,1334.120264,1327.020326,0.602295904,0.397704096,1309.88576,1351.25483,1329.593663,1332.206665,Dwayne Haskins,Daniel Jones,83.00018109,123.9227461,-24.50292461,-10.21496674,0.540203532,0.459796468,140.7381183,431.6406445,88.77397481,154.694536,1308.29892,1353.501408,35,41
12/22/19,2019,0,,ATL,JAX,1514.711053,1379.559966,0.759905643,0.240094357,1526.000556,1368.270463,1515.869384,1408.119206,Matt Ryan,Gardner Minshew,188.3216109,107.7475923,-15.88361475,-37.87637325,0.744613181,0.255386819,230.933792,23.72476843,192.582829,99.34530988,1527.94972,1396.03887,24,12
12/22/19,2019,0,,MIA,CIN,1327.421873,1300.508598,0.629272091,0.370727909,1337.288421,1290.64205,1309.821029,1300.43854,Ryan Fitzpatrick,Andy Dalton,141.8002295,105.222476,20.41237299,5.640870797,0.617119044,0.382880956,301.1752724,265.9440236,157.7377338,121.2946308,1320.051151,1290.208418,38,35
12/22/19,2019,0,,DEN,DET,1474.70788,1372.784595,0.723299496,0.276700504,1487.042014,1360.450461,1493.770057,1395.18506,Drew Lock,David Blough,106.8105805,31.23993729,-8.150019624,-126.1659228,0.830630546,0.169369454,191.0165795,-12.88047072,115.2311804,26.82789649,1500.986566,1387.968551,27,17
12/22/19,2019,0,,LAC,OAK,1493.437014,1373.68224,0.743365313,0.256634687,1459.687014,1407.43224,1484.985165,1377.281896,Philip Rivers,Derek Carr,153.3938019,165.6521284,-8.116263344,5.334476454,0.704635831,0.295364169,159.1125754,308.2609336,153.9656793,179.9130089,1453.519912,1408.747148,17,24
12/22/19,2019,0,,PHI,DAL,1532.390545,1554.960475,0.560760018,0.439239982,1551.327497,1536.023522,1531.721256,1533.826378,Carson Wentz,Dak Prescott,184.8308712,241.7408405,2.981474088,19.7829142,0.559226538,0.440773462,319.5384979,115.7028133,198.3016339,229.1370378,1550.733487,1514.814147,17,9
12/22/19,2019,0,,SEA,ARI,1625.76494,1365.291328,0.866871591,0.133128409,1570.662276,1420.393993,1599.336154,1341.113175,Russell Wilson,Kyler Murray,193.8337223,155.437808,0.439690216,16.85588998,0.849924724,0.150075276,-79.68689878,134.0522692,166.4816602,153.2992541,1546.000559,1394.44877,13,27
12/22/19,2019,0,,CHI,KC,1543.685362,1661.629729,0.424391278,0.575608722,1517.344505,1687.970586,1526.884806,1666.270247,Mitchell Trubisky,Patrick Mahomes,148.8766075,248.4006174,2.582280198,12.33978252,0.369938121,0.630061879,41.31365502,348.3723115,138.1203123,258.3977868,1504.319909,1688.835144,3,26
12/23/19,2019,0,,MIN,GB,1651.843663,1587.764287,0.677660398,0.322339602,1613.846589,1625.761361,1633.792045,1597.172718,Kirk Cousins,Aaron Rodgers,210.5877537,193.2279181,14.19868366,-0.599956975,0.649881072,0.350118928,-74.39355454,55.23678383,182.0896229,179.4288047,1597.729282,1633.23548,10,23
12/29/19,2019,0,,DET,GB,1360.450461,1625.761361,0.239926552,0.760073448,1354.353423,1631.858399,1387.968551,1633.23548,David Blough,Aaron Rodgers,26.82789649,179.4288047,-122.063647,-7.46951584,0.148277399,0.851722601,-14.2775858,88.7020415,22.71734826,170.3561284,1384.356095,1636.847937,20,23
12/29/19,2019,0,,TB,ATL,1518.716617,1526.000556,0.582304389,0.417695611,1495.443825,1549.273349,1507.28276,1527.94972,Jameis Winston,Matt Ryan,157.7008455,192.582829,0.448741305,-12.95882496,0.570620537,0.429379463,48.24482102,62.69176669,146.7552431,179.5937227,1484.565094,1550.667386,22,28
12/29/19,2019,0,,NE,MIA,1680.877424,1337.288421,0.913095239,0.086904761,1649.786833,1368.379012,1685.440404,1320.051151,Tom Brady,Ryan Fitzpatrick,168.3357702,157.7377338,-16.86315155,27.36050649,0.899676687,0.100323313,86.62311346,370.2440224,160.1645045,178.9883626,1655.270111,1350.221444,24,27
12/29/19,2019,0,,KC,LAC,1687.970586,1459.687014,0.843997297,0.156002703,1694.572097,1453.085503,1688.835144,1453.519912,Patrick Mahomes,Philip Rivers,258.3977868,153.9656793,16.7213781,-7.424511501,0.863060045,0.136939955,131.774178,170.5542633,245.7354259,155.6245377,1694.568993,1447.786063,31,21
12/29/19,2019,0,,MIN,CHI,1613.846589,1517.344505,0.717010508,0.282989492,1596.844105,1534.346989,1597.729282,1504.319909,Sean Mannion,Mitchell Trubisky,67.82311146,138.1203123,-115.0268273,-2.924981437,0.554086147,0.445913853,-8.650013041,107.8812357,60.17579901,135.0964046,1585.342326,1516.706866,19,21
12/29/19,2019,0,,CIN,CLE,1290.64205,1439.098968,0.382153746,0.617846254,1321.44102,1408.299998,1290.208418,1451.761463,Andy Dalton,Baker Mayfield,121.2946308,140.2697046,13.39490464,-2.774869077,0.373987942,0.626012058,117.4292229,-41.6072002,120.90809,122.0820141,1321.503651,1420.466231,33,23
12/29/19,2019,0,,CAR,NO,1387.673848,1678.683723,0.213993836,0.786006164,1374.103349,1692.254223,1433.477342,1674.32212,Will Grier,Drew Brees,48.42185139,268.4924878,-62.27971332,26.60966928,0.172709749,0.827290251,-91.34762283,269.9706614,34.44490397,268.6403052,1422.729245,1685.070217,10,42
12/29/19,2019,0,,BUF,NYJ,1561.367141,1398.014909,0.78826538,0.21173462,1524.787241,1434.594809,1548.418958,1404.161089,Josh Allen,Sam Darnold,168.2959319,129.3985069,12.52089571,30.35019127,0.740926909,0.259073091,-11.69495967,98.23876477,150.2968427,126.2825327,1514.816574,1437.763473,6,13
12/29/19,2019,0,,JAX,IND,1368.270463,1508.465582,0.393444098,0.606555902,1405.253878,1471.482167,1396.03887,1495.313527,Gardner Minshew,Jacoby Brissett,99.34530988,126.7915174,-40.18369578,-2.571944421,0.388116655,0.611883345,203.8427292,6.503393417,109.7950518,114.762705,1433.415496,1457.936901,38,20
12/29/19,2019,0,,BAL,PIT,1744.319584,1523.483714,0.838268857,0.161731143,1752.748592,1515.054706,1709.589443,1584.15157,Trace McSorley,Devlin Hodges,24.03126,23.95430515,-219.8568212,-109.6949629,0.711657312,0.288342688,50.34507273,-27.95405749,26.66264127,18.76346889,1725.438914,1568.302099,28,10
12/29/19,2019,0,,DAL,WSH,1536.023522,1309.88576,0.842364005,0.157635995,1545.673044,1300.236238,1514.814147,1308.29892,Dak Prescott,Case Keenum,229.1370378,120.4619679,12.49186713,11.29711162,0.823480623,0.176519377,343.3649033,5.207864028,240.5598243,108.9365576,1525.722911,1297.390156,47,16
12/29/19,2019,0,,LAR,ARI,1560.932476,1420.393993,0.765518128,0.234481872,1569.851069,1411.475399,1560.570816,1394.44877,Jared Goff,Kyler Murray,170.56067,153.2992541,7.572373027,14.94381855,0.779012237,0.220987763,272.4137372,202.3164575,180.7459767,158.2009745,1568.929829,1386.089757,31,24
12/29/19,2019,0,,DEN,OAK,1487.042014,1407.43224,0.69687077,0.30312923,1490.985092,1403.489162,1500.986566,1408.747148,Drew Lock,Derek Carr,115.2311804,179.9130089,-3.532218697,12.19819289,0.685371538,0.314628462,94.03323768,273.5098438,113.1113862,189.2726924,1505.095626,1404.638088,16,15
12/29/19,2019,0,,HOU,TEN,1584.215388,1542.863113,0.648445431,0.351554569,1542.091595,1584.986906,1573.750829,1529.841263,AJ McCarron,Ryan Tannehill,56.73257172,179.8224097,-136.8183409,24.95327735,0.414259447,0.585740553,92.54658771,201.0258826,60.31397332,181.942757,1548.822776,1554.769316,14,35
12/29/19,2019,0,,NYG,PHI,1351.25483,1551.327497,0.314850147,0.685149853,1334.106972,1568.475355,1353.501408,1550.733487,Daniel Jones,Carson Wentz,154.694536,198.3016339,5.681676519,9.567781718,0.30171183,0.69828817,124.7339636,178.8775034,151.6984788,196.3592208,1337.144094,1567.090802,17,34
12/29/19,2019,0,,SEA,SF,1570.662276,1609.709252,0.537280089,0.462719911,1551.1789,1629.192628,1546.000559,1624.530972,Russell Wilson,Jimmy Garoppolo,166.4816602,149.1757473,-13.25832535,1.276283778,0.449329271,0.550670729,252.6362943,181.4359468,175.0971236,152.4017673,1530.153259,1640.378272,21,26
1/4/20,2019,0,w,HOU,BUF,1542.091595,1524.787241,0.6162785,0.3837215,1552.34695,1514.531886,1548.822776,1514.816574,Deshaun Watson,Josh Allen,189.137297,150.2968427,0.636600684,2.895306345,0.653603767,0.346396233,239.8131176,164.2108795,194.2048791,151.6882464,1557.968405,1505.670945,22,19
1/4/20,2019,0,w,NE,TEN,1649.786833,1584.986906,0.678565767,0.321434233,1619.796657,1614.977082,1655.270111,1554.769316,Tom Brady,Ryan Tannehill,160.1645045,181.942757,-20.10562681,24.76578713,0.687783245,0.312216755,59.83554934,63.60811234,150.131609,170.1092925,1624.763535,1585.275892,13,20
1/5/20,2019,0,w,NO,MIN,1692.254223,1596.844105,0.715733328,0.284266672,1662.208418,1626.88991,1685.070217,1585.342326,Drew Brees,Kirk Cousins,268.6403052,182.0896229,25.35309449,8.81468166,0.770683335,0.229316665,168.7834649,127.3560493,258.6546211,176.6162655,1651.901849,1618.510694,20,26
1/5/20,2019,0,w,PHI,SEA,1568.475355,1551.1789,0.616267749,0.383732251,1540.341361,1579.312894,1567.090802,1530.153259,Carson Wentz,Russell Wilson,196.3592208,175.0971236,8.118186107,-8.287677377,0.692983025,0.307016975,-57.01955953,285.1135565,171.0213428,186.0987669,1534.54591,1562.698151,9,17
1/11/20,2019,0,d,SF,MIN,1629.192628,1626.88991,0.595662808,0.404337192,1651.872498,1604.21004,1640.378272,1618.510694,Jimmy Garoppolo,Kirk Cousins,152.4017673,176.6162655,2.825479563,5.6372689,0.674369496,0.325630504,41.51058266,-5.549229435,141.3126488,158.399716,1658.178853,1600.710114,27,10
1/11/20,2019,0,d,BAL,TEN,1752.748592,1614.977082,0.762646972,0.237353028,1705.146312,1662.579362,1725.438914,1585.275892,Lamar Jackson,Ryan Tannehill,303.4066509,170.1092925,69.19572014,17.61076555,0.869166722,0.130833278,237.9800629,195.1699364,296.8639921,172.6153569,1667.529313,1643.185493,12,28
1/12/20,2019,0,d,KC,HOU,1694.572097,1552.34695,0.767256439,0.232743561,1707.523977,1539.39507,1694.568993,1557.968405,Patrick Mahomes,Deshaun Watson,245.7354259,194.2048791,9.554128751,3.138561675,0.826137665,0.173862335,438.4466265,334.9128411,265.006546,208.2756753,1703.995494,1548.541903,51,31
1/12/20,2019,0,d,GB,SEA,1631.858399,1579.312894,0.66298978,0.33701022,1643.32269,1567.848604,1636.847937,1562.698151,Aaron Rodgers,Russell Wilson,170.3561284,186.0987669,-11.63237821,-2.372471865,0.740069339,0.259930661,186.0377095,257.0025845,171.9242865,193.1891486,1645.451747,1554.094341,28,23
1/19/20,2019,0,c,KC,TEN,1707.523977,1662.579362,0.653144943,0.346855057,1723.94156,1646.161779,1703.995494,1643.185493,Patrick Mahomes,Ryan Tannehill,265.006546,172.6153569,18.71198234,17.98325946,0.693796152,0.306203848,401.9373508,198.0134901,278.6996265,175.1551702,1718.290032,1628.890956,35,24
1/19/20,2019,0,c,SF,GB,1651.872498,1643.32269,0.604293379,0.395706621,1674.007279,1621.187909,1658.178853,1645.451747,Jimmy Garoppolo,Aaron Rodgers,141.3126488,171.9242865,-2.860353646,-10.26668024,0.63869396,0.36130604,54.3687463,220.0845231,132.6182586,176.7403101,1678.16591,1625.46469,37,20
2/2/20,2019,1,s,KC,SF,1723.94156,1674.007279,0.57137047,0.42862953,,,,,Patrick Mahomes,Jimmy Garoppolo,278.6996265,132.6182586,24.62292347,-7.06453109,0.630308519,0.369691481,,,,,,,,